country,year,gdp_pc,population,internet_users,mobile_subs,secure_servers,rule_law,gov_effect,reg_quality,tfp,hc,capital_stock,pat_res,pat_nres,ip_receipts,ai_proxy_total,electricity_access,AI_index,ln_gdp,ln_ai,ln_tfp,ln_hc,digital_infra_index,innovation_index
Argentina,2010,9073.78709685819,631192915,21.4695607242642,93.19096962294243,65.55583870857896,0.29500062726599907,-0.7671060806631992,0.702760241045818,0.8384143573142838,1.393191877916592,29610.75074231333,346.26547057676163,38.68948245899113,61.57928313307863,788.3221145395332,58.151376364547396,-0.24288884510483827,9.113144996961895,-0.23784849785355164,-0.17624284090277204,0.33159742968837463,0.06388530620016653,0.11660261337843081
Argentina,2011,8999.353392308329,318906971,38.32309185553349,87.48166096546117,63.25465223191976,-0.4097941832572299,-0.6510181825983022,0.49278353806039654,0.9793304405396847,1.4024698667403692,21408.946220857528,137.06409032085006,38.868023615982125,63.21034287825532,1068.4111421268626,61.86052542345125,-0.03946743415004145,9.104908008438285,0.06617263099642742,-0.020886164760455225,0.3382348727937889,0.21201673396370335,-0.22059748489027398
Argentina,2012,9950.919474967728,1165998708,29.344902927113058,87.4824198460008,62.33371618281456,0.05406325559111317,0.23129551895198733,0.5050305806708323,0.9024042811439946,1.4672388960971992,33935.92674842704,56.00982404728464,32.09361910360324,8.28679536507991,1087.984872608609,62.80328783642699,0.24727352497626856,9.205420235427635,0.08432724448471007,-0.10269265407407024,0.3833823325947854,0.10612266754502331,-0.7444262604753153
Argentina,2013,9254.329097113725,280671574,48.68278354591481,60.75695342576293,58.302299400284504,0.6346777881599402,-0.27898005779875007,-0.36988143413165375,0.9326793786820763,1.5157842272734645,22480.332557164245,421.3320469553527,164.48658404955822,52.174574098830185,1231.5628948531278,67.08695675118385,-0.05146532568931633,9.132846731522497,0.20828400901865662,-0.06969378276565696,0.4159329467957139,0.18275578578607354,0.5983391857496498
Argentina,2014,8852.150723172375,450380809,48.904853540677685,81.59121030495199,73.17079382153429,-0.2904430772520574,-0.3053903151986633,-0.9566717164712317,0.9251992742335454,1.4858686188665218,25881.515161918094,262.79880952878176,28.878299468380515,6.720862541934418,1102.1042149831972,67.30597659797276,0.13994899603080083,9.088415728045003,0.09722127520963125,-0.07774613306793465,0.39599952978029496,0.37115592997728064,-0.4209352356111993
Argentina,2015,10352.81843566872,234595114,40.76701687955846,88.80422683640401,41.2533113208394,0.3198193813787493,-0.7243832442880487,-0.3025300432315118,1.0327081702742118,1.5083951344008852,40773.051004977715,15.14773977847119,50.355979845211586,112.59392823505586,1499.0886602307933,71.43736028938574,0.37531171826992615,9.245014074248159,0.4048573636227532,0.03218464322992849,0.41104626072786565,0.09800654150792898,-0.056274312651470315
Argentina,2016,9895.3200373965,28314064,56.40308137457396,66.09019365211478,88.68847287091715,-0.42359416725104193,0.18614096908376318,0.017481716418754303,0.9873966508830666,1.4514804648702366,31350.31274596258,193.49987603475182,41.38390760204702,34.22414676574807,1821.8667341972234,75.60644372526976,0.49815173080046427,9.199817200858401,0.599861653570633,-0.012683445017424431,0.3725840458113646,0.49333319685185884,-0.31139286949693645
Argentina,2017,10533.970768180108,1062168822,54.56871059149509,115.94954336829343,61.22473891354298,-1.101348918045047,0.5081207574515235,-0.17777815767901872,1.0553739323376239,1.5712324866207588,41262.81100007043,161.55983190675823,148.80727897906235,17.63974430554388,1346.7025397156222,70.84420918792458,0.5481924151272163,9.262360625042342,0.2976590413528427,0.053895142364351535,0.45186033471589515,0.49760703003034323,-0.1171110548549027
Argentina,2018,12836.32146347717,399097983,44.10461879968136,64.01930578903037,95.35422924687671,0.852784184630115,0.1256388539562757,-0.12690786963095066,1.1233999504979326,1.6627960974837428,39896.21500865918,150.7020102381255,47.23009380049046,30.649696803595113,1849.770004310436,67.25317055295643,0.7393841393500536,9.460034045814345,0.6150613093672548,0.11635975705168713,0.508500581438902,0.3924932890965973,-0.38706502491085526
Argentina,2019,12799.404789461012,31235299,52.00704401460848,80.22584350374463,75.69766475535256,0.670791362989076,-0.7223417424696211,0.7452584102993953,1.0924964194346807,1.544952156344429,33045.95992058258,88.67165863764231,74.9851050712077,94.98776908327817,1657.1461863553882,85.4336210234191,0.7999188113694667,9.457153948003153,0.5050969580625495,0.0884653705769109,0.4349929431028687,0.41678149090804717,0.030988241855284038
Australia,2010,7144.631774722255,1240927988,28.813616738901175,84.28739209403814,76.1200348341365,1.2286047935967936,0.14658754977752492,-0.9795752253764003,0.871673178405057,1.1961705140488184,17732.555603361925,450.9365202989547,282.3469049743452,33.117867028114794,766.8205903819792,76.5092793223125,-0.2175049317491352,8.874116552957878,-0.2655024158211667,-0.13734072073355502,0.17912521564119605,0.17881566305163754,0.9135029972668403
Australia,2011,6894.9120123953735,133158868,24.052729810441736,91.64990192033567,47.10789754280821,1.1259854890509735,0.07246792552139644,0.5151510346214864,0.9576966755227619,1.2039355393603741,15469.872824117696,217.76723531455002,19.77050893960188,0.40647114165170045,1454.0487126914331,62.51281598069882,0.04223817647589606,8.838539029072066,0.37435188108894246,-0.043224173774400805,0.1855958067161491,-0.03682020493052729,-0.5684431037327324
Australia,2012,6694.506371529252,439918842,22.73607282260436,84.45947238891627,50.31661133332843,-0.12360454339992039,-0.5567540893365625,-0.17908705350439963,0.9147630197338977,1.1522640830115927,20822.56640669349,129.92532201905334,86.607931246509,64.14141874426407,914.8205829637191,67.76573358453712,0.18574344558051264,8.809042524492789,-0.08902731712629125,-0.08909024207790919,0.14172877472785864,-0.06001842479505537,-0.0671552341847873
Australia,2013,7628.759996269321,1337916936,30.4675664944118,81.68924957676236,35.73115996325994,-0.5832670701948869,-0.5233171520542372,-1.717831223790924,0.9964343253826599,1.2677918660836915,23355.74763253525,860.5544321459687,6.039598272558849,1.859248781371962,916.4398192592204,58.37585588140437,0.47579450587011074,8.939680594199556,-0.08725887751439029,-0.0035720467869770466,0.23727669907490062,-0.08289187707051526,0.46678437302762377
Australia,2014,7535.884620986991,666113997,63.29247112028298,68.68866128088953,48.06428843090721,0.27324444075240767,1.382958115524474,-0.78948566274259,0.973254291637115,1.1263931512683831,17240.17381611179,342.3856839562516,22.071446393145226,2.947324243018423,1076.5170235146034,79.77337576061744,-0.36638272215822887,8.92743150576041,0.07373085145906824,-0.02710988290754641,0.11902062620818407,0.30988102399067663,-0.3361368771423071
Australia,2015,7657.765153393327,832612695,42.33612509991045,93.48254834439383,63.89345562361968,0.2814051267193628,0.04252427806229389,6.751447313134434e-05,1.0255310597068357,1.1508555285933533,28351.062532446776,323.0734123426393,35.525473593827655,34.63162591339643,1372.4149864475262,78.16494261673309,0.24511982863320714,8.94347546473406,0.3165719518256067,0.025210585450324195,0.14050560369778353,0.2858683789247771,-0.11224856136019945
Australia,2016,9266.798628855411,1121174456,36.87588528016582,109.86714429633298,85.25498450294278,-0.8883445475315824,-0.37721984595995917,0.21097376348521568,1.1817359345759788,1.2254742041577111,30441.12353982697,535.6217557034075,25.419588318213833,12.25410529956547,1297.1394504502741,75.07828814196445,0.03124425434115488,9.134193251433189,0.26016141724958514,0.16698448842107824,0.20332787452557802,0.43587838992284844,0.059128922563495
Australia,2017,8201.841755779482,1263811748,48.63149735490316,96.6476863205867,90.91987979374198,1.381880171331348,-1.2270891239329103,0.6910624109585507,1.0737852192876345,1.2787681569147071,21775.81710162173,46.34337129677723,41.80828162150445,21.13640821615683,1361.954885303194,80.38675654171152,-0.4610764489602984,9.012114012395912,0.30892108331909085,0.07118999404628942,0.24589723713867773,0.5491811955707597,-0.6424907209926443
Australia,2018,9384.94623944801,1073030652,65.77411888977693,102.58630018394365,124.87869052335584,-0.5579390586402215,0.7916671476758825,-0.9426428984918925,1.0864001250019704,1.2576339462459012,31811.17865135738,428.9707407007086,95.3948051495801,59.64526139494094,1184.1663617088377,82.0934894249484,0.6887325164144764,9.146862220655562,0.16903903479149318,0.08286959288301192,0.22923213520851424,0.9907910641418816,0.43056899429938755
Australia,2019,10086.189359505268,886451763,56.33046827101799,80.41989211107776,84.63440315267451,-0.8109738931523192,0.026225674301008636,-0.9732481195049023,1.1876549404245735,1.2759305029709649,22089.747129217692,234.85735957681882,97.93892003039166,33.49462413606424,1942.290905725567,90.12009471551244,0.1922560789297747,9.218922376950346,0.6638681556257469,0.17198072456239635,0.24367571868304236,0.5252063300475207,-0.058810506363568216
Austria,2010,923.8866225883733,292362395,35.909063227933544,56.276084008190864,79.51898096107018,0.8547772447912307,0.1863024161097347,0.18752071415895677,1.10443351065298,1.201724803482504,2347.660470876041,394.3736387386296,22.89034434325963,63.70487240872337,1807.713401797323,51.36654735260618,0.414731705142532,6.828589361286641,0.5920627326998636,0.09933254347207454,0.1837578610503967,0.16359981452941352,0.15828969510007074
Austria,2011,833.2283877492722,940052747,31.749909696804224,104.2218332148846,40.12823542374872,0.009140844448527466,1.0631684723495913,0.6854351860532215,1.0954820876331735,1.3306263041411996,3251.5815614799794,869.5789144977006,216.72921954094613,24.304171698807313,1818.7515096860957,68.54116501324093,0.28058945741175473,6.725307779556869,0.5981502820052775,0.09119452905998436,0.28564973676184785,0.05455598229594649,1.3337567339580367
Austria,2012,669.556909104216,17916218,37.07880444343033,103.64326027290791,27.954809178821492,0.4193502742502168,0.22101934346284302,-1.1302127071138932,1.1330506234314996,1.368592227282539,2674.2567057514416,454.6826227873748,281.73949217444033,16.700454145875824,3136.748136974606,66.54353585390382,1.0058768088355174,6.5066161639148685,1.143186638122565,0.1249136619228187,0.31378264020005325,0.030199028367374314,0.8082723728662646
Austria,2013,895.3043852828358,423396420,41.292113741150686,93.950970584022,50.906534742602354,-0.3149929377796577,0.4169338045856901,-0.2126710335323032,1.1768536278130848,1.3228681923500378,1800.3314791792395,116.82173533826953,217.52954065027828,10.791129671295577,1883.8184574104248,77.29519042024073,0.861340736938437,6.797163755743647,0.633300811325681,0.162844460148045,0.27980225231629946,0.18964053950800408,-0.008257774459985878
Austria,2014,734.1767866622868,639215911,49.4943389972774,83.72673900426138,73.95580163883704,1.0828687116555178,0.07370132674728737,-0.6699185790619697,1.0913591533338367,1.2406637588044,1696.261125401849,450.1593907454302,164.54937288749295,4.23962901203286,1460.8872313313498,57.19463487434984,0.1755646117959638,6.598749853377238,0.37904394384251683,0.08742384913398142,0.21564652575908982,0.3918371900797517,0.32702775428091235
Austria,2015,941.3611831996169,283293172,48.92827468259919,74.39184091263698,84.49394176926404,-0.48400057024698484,-0.4271201906988437,-0.855801929031752,1.1764203078275945,1.4152102466880836,2746.064744306235,854.6045890643219,65.88596052777788,17.75601278639729,1915.5968542431503,79.27890440694917,0.23537479269350559,6.84732689505938,0.6500292473066176,0.16247619023792106,0.3472781042895185,0.41690644540440513,0.7623342687757779
Austria,2016,918.884632451855,967534406,33.23142183154268,108.00833624857975,73.37023655805491,1.5608100481010396,1.6615844232430026,0.05550490810622297,1.2492001441648881,1.4123780711747989,2348.8079562618295,229.23662647928214,7.368334008518339,131.70116243388094,2315.9203081708165,88.76240157466385,0.7369713046067533,6.823160578514404,0.8398071498660671,0.22250346183255001,0.345274859020384,0.30840766510658923,0.2846299070530709
Austria,2017,901.7903889726615,566244112,35.104325066910306,62.90524846013062,62.65231774020784,0.8847946959258386,-0.7696728930733019,0.27816676196076556,1.2716119914274504,1.3841306536945177,3069.6984178716802,10.738314342584196,26.871992220163303,12.963264436841124,2135.1220503776462,78.15636161959905,0.5085131697150569,6.804382108326134,0.7585238114998787,0.2402853801983531,0.3250722556982656,0.06983537648426652,-0.8061077391162078
Austria,2018,891.6222396535679,705582462,54.06339062362269,134.96510589893748,94.4615948525055,-0.13632606493136354,-0.6235859173803358,0.3442410871660426,1.3261451330006626,1.429851446539262,3276.501954028147,457.69889857293987,18.851264094718122,51.630300893333384,2758.5940504707396,90.65585236313429,0.6721396800937032,6.793042544733119,1.0147211479364244,0.28227633750930636,0.3575705553365698,0.7928029138580841,0.169871050559516
Austria,2019,914.4689550215468,993137146,66.35547125465149,70.52890873677315,88.28785263762708,-0.5755841866278323,-1.2020027648327176,-2.371623070273321,1.3452019092014809,1.4180376464483677,3581.845373084432,441.30926096770065,405.596302988449,34.228185351733806,3471.9396646096993,100.0,1.1521115022786061,6.818343519765951,1.24471341894253,0.29654412015258136,0.34927397673379984,0.6197391512613075,1.3156910139192228
Belgium,2010,7068.8571811141055,215904445,36.68326018107997,69.6744157665386,67.95630816821097,-0.3540285695137471,1.164036461016569,0.10518865344436175,0.9548089307244855,0.9896345263661837,20270.358346840218,119.25044464966727,35.29504037445777,28.04711164069757,1171.1398006577704,75.64718021669904,0.2613710310631123,8.86345410241814,0.1579774631922966,-0.04624403105839313,-0.010419569298463997,0.15094389993842805,-0.4966183800643781
Belgium,2011,6954.941873412164,1176970671,39.37470902651121,73.91843023573385,77.95625321467128,0.1981327208871545,-0.14338130035980393,-0.20270205515841197,0.9257410822881179,0.9894819709890423,24521.776051765486,259.04028242432975,18.975021263561256,29.839503423739018,1215.4179874744161,65.03388240619944,-0.27463968141116485,8.847207746797409,0.19508804024298942,-0.07716069219390717,-0.010573734429872248,0.2651985810412685,-0.3060861022559861
Belgium,2012,7929.3850524233985,538520917,38.96418000808659,114.52609954096602,58.2581165789498,-0.7110378505847348,-0.05654430532165705,0.2674361027981716,1.0231205311195035,0.997410743103757,25862.993579516704,723.0223732895648,130.50840496196372,97.33267905936948,1122.6982360831873,58.34464722570287,0.2826949601685811,8.978330764638793,0.11573492734320212,0.022857301260299657,-0.0025926148194833822,0.29851485870354133,1.2889498324182838
Belgium,2013,7450.968752838974,477486522,40.87973587486105,64.27809110877429,63.6403948803119,-1.1638579882062314,1.0689488800097366,0.9983599880475454,1.059119366454632,0.9765481342152438,26248.757977034205,161.0163789621635,164.58569866850743,40.35320641118192,1728.8890740905717,72.63454337839073,0.7120074247847563,8.916099336858043,0.5474790485358164,0.057437776466172916,-0.023731237289107775,0.14631396632042826,0.08600100323984328
Belgium,2014,7500.209823389734,216464249,61.97296530747994,70.35077920856047,53.25073191829615,1.4570390806504872,-1.3214073185434139,-1.0248553654766657,0.964919231241806,0.9740352903615033,26660.892769257152,369.40110480977296,49.384147818146765,210.07167071175078,937.4964972341248,66.79411587144588,0.14977668736104635,8.922686275585033,-0.06454225742815128,-0.03571087934106013,-0.026307743591972188,0.3367216295740867,1.1807601388217828
Belgium,2015,6598.304239788011,404231315,57.74447216941239,80.5861869534462,62.267694337955284,-1.3484778539078466,0.43042755194260085,-0.8274464413395193,1.0779106986192515,1.0318141453624472,22108.35246515476,549.5183466911537,242.30948510290239,2.052537336668644,1877.5399698215156,60.7626556460094,0.4567007270758575,8.794567961636032,0.6299623932825527,0.07502462918456954,0.031318559137857915,0.392498987552532,0.7372457770727221
Belgium,2016,7071.307672762047,743324069,41.86023198607103,113.76768273531596,71.18695156860515,-0.4267618777317796,-0.3293106577729674,1.090114111842673,1.0428048178093696,1.048405932575001,17503.72616217982,2.4998249359300106,104.7959326564895,49.63242260975462,1834.380028406854,53.872196690705096,0.6791999217434618,8.863800702574192,0.6067065652404364,0.041914023136895504,0.04727085114530557,0.41372537725530667,-0.31563103218678756
Belgium,2017,7875.699152755652,42420597,48.13777050159331,91.15114238466614,62.73223916156304,0.5593573853559103,1.642147985556713,0.13756826594964788,1.268960491994357,0.9779967870596753,22177.05446330756,2.800947285329462,3.584710993367694,30.61868458056662,2434.2276874198164,79.57996785592479,0.7964843418754196,8.971537241055312,0.8896295347342027,0.23819805506742728,-0.02224889416777196,0.3328754710308992,-0.7792581540094478
Belgium,2018,8505.797237106608,1348438783,52.25827266195042,121.0183141667928,67.92518604435986,0.9700150694652804,-0.25903336342928057,-1.3535701193358107,1.0405235456804571,1.0347318681520865,29803.686158009168,40.53014492340026,5.98271186907719,16.863638253610198,2096.970091133757,74.97576905207487,1.2948409930123495,9.048503237897975,0.7404934891255359,0.039723995793456215,0.034142328566949286,0.5377250233457069,-0.8000831305400077
Belgium,2019,7197.57142483462,888721830,51.7728130383032,59.52883487269149,110.6968807321627,0.6686463170514698,0.2794804980483437,1.9060818261472587,1.1478981808800626,1.0074138443317375,22477.86289083858,233.37397543651554,73.32492381296271,8.97990619842228,1820.2501705690165,90.87703141262014,0.7435939986567047,8.881498945998693,0.5989739479990471,0.1379326013507664,0.007386496871213247,0.5612694950540014,-0.3067609202397832
Brazil,2010,7724.542246605035,411817049,25.411595068506994,73.62839408310363,56.28154447739598,-1.856284809908916,-0.7709107554950433,-0.732124892676741,1.0557752768341941,1.5090537562673432,23422.168540746206,316.0002558841708,2.090807020337987,369.37486216034625,828.839666235744,71.12965891660264,0.2617837833072801,8.952157843907326,-0.1877285487817395,0.0542753566094288,0.4114828029201489,-0.03565367182101742,1.9961355309437199
Brazil,2011,8220.388147921356,58469651,23.894251160785515,90.37823438911335,50.56927768538399,-0.8280624912325127,-0.009667720630613953,-0.16855201149052546,1.0488167435758091,1.5360803736138648,24488.56928119386,39.18124236933694,0.11048458009492534,5.502470597387037,920.8334498480541,47.36522052131312,-0.37526374012689445,9.01437270687717,-0.08247609529242303,0.04766261784774873,0.4292339599280197,-0.020803825911850926,-0.8976465101348751
Brazil,2012,7614.73247074649,676199220,13.192621546280769,61.550419651450106,41.54227116209465,-0.895628700216421,0.35825097337816836,0.046619464748357244,1.1148730510496567,1.4991126751553792,15950.945918304053,145.79688498844374,287.6447600222137,19.98205372821781,1166.1244818927155,64.12329009071547,0.4920914992054406,8.93784013283379,0.15368584200064983,0.1087405428691997,0.40487338317707927,-0.3200067598574293,0.33502436657623735
Brazil,2013,9300.699579431837,68948436,16.527314446591443,101.0261809647726,88.75450186523872,0.7446705810804235,1.4380756179474519,0.4130380576811608,1.1656145799679862,1.55576751049406,32979.11604037764,503.70136180063463,499.65012161698155,0.4898287546091232,1129.9402782672398,60.06869378415137,-0.3637968180808881,9.137844899907016,0.12216478023664286,0.15324848437243382,0.4419689997431134,0.1962759269724934,1.5082682000883905
Brazil,2014,7931.213825357343,722043401,53.36048683555428,74.18724403286309,87.10038648594558,0.5920113890434684,0.5095250266977681,0.27263312640168474,1.162158602784358,1.6310458271310107,21358.420254627996,496.53362879301073,101.09751498506496,34.22804820029877,1126.1742772567425,72.83621077410557,0.6543768139014876,8.978561370425641,0.11882629327984832,0.15027914032421172,0.48922142081067777,0.48267705821605866,0.39273475260722623
Brazil,2015,10596.190438709627,580222505,47.552134168558744,110.25937681428985,75.24106361203651,0.04830874273953368,-1.0421216934675717,-0.040957689453277525,1.1267579836658137,1.6317101090597228,21543.746354104438,52.472060671103534,108.12846487754567,8.860677719076646,1056.8551335843872,92.9756116664464,0.463063823264576,9.268249822928606,0.055297643175892405,0.11934446813335486,0.4896286115113503,0.4893782071237702,-0.49304716449583086
Brazil,2016,9366.988186061357,1367415895,37.17572802611713,89.73422183589607,65.07803486694974,-0.09814770999610178,0.7965611087199389,0.8473789911170567,1.238760421687283,1.5668780282982973,35105.382843722335,286.86660092327287,10.505068019238147,10.214221378896383,1484.946434630799,78.3891320690146,0.33450450520973507,9.14494689197863,0.3953787006483994,0.21411121969410438,0.4490851226279052,0.22080980149719998,-0.4187772958711089
Brazil,2017,9648.219325716515,1170907002,61.99979650342084,92.01657015203241,60.11588242278261,-0.4623152864621247,0.20230785197591913,-0.4031661931284884,1.1858009511798937,1.5986142373643752,21111.692516007428,320.7877708577277,165.90567022267817,0.980200516269993,1102.441173286339,84.1145283430344,0.4837263028334069,9.17452865147356,0.09752696935188726,0.1704184544327327,0.4691371523157341,0.47306155293447283,0.09419985561360678
Brazil,2018,9773.095804650098,578788245,68.37776939916462,78.5688073089857,47.66691102058938,0.9713518631428013,-2.1382675464823504,0.3167470995446589,1.298184736009092,1.542764414031485,30686.22723308762,373.3322747353286,154.55731628745514,3.600217662356906,1266.3484450635365,72.72219235108287,0.09176518176025286,9.187388563283736,0.2361375189198765,0.260966931736593,0.433575881252032,0.40490243058208786,0.16141296326611076
Brazil,2019,8871.805060884624,724310261,75.3738667548752,92.96091162439778,133.1012042812894,0.10484626083691545,0.2923795781142677,2.5430829434940283,1.2620662172583328,1.5967509224020666,28052.45905444554,37.4420221519041,38.44134802023876,97.20851489805766,1337.1957972190064,79.92735470048537,0.7188203176930898,9.09063355639077,0.2905747325877384,0.2327502328362802,0.46797089113408796,1.112165902031089,-0.16140203702564626
Canada,2010,3326.241862584347,482000975,10.630330672945846,89.998590029143,30.359611603393986,0.6648254861343795,-1.0737401330967256,-0.3255549990180472,0.992495325354581,1.4139506951145726,9768.617807661021,48.82723736437067,401.097298534929,84.63429228886449,1633.4854629489714,59.534127296606606,0.6182058219230042,8.109598375865561,0.4907160526921595,-0.007532976402079061,0.34638769778197975,-0.3044936789343238,0.9825983393161444
Canada,2011,3643.2379846208396,390080586,13.41408559602969,81.81521060606033,50.58065364427292,0.7581196878786398,-0.8888839207340467,-0.9375772743206359,0.9523051618176241,1.416487584071307,7809.806270075446,332.6052655527387,221.39616251259073,10.539764224605944,1804.4787917759877,65.88916667168706,0.022687916073803716,8.200628121424655,0.5902717920673768,-0.04886974742759008,0.3481802750338577,-0.17285353600148812,0.3625944124605731
Canada,2012,2691.973560647659,1029446068,30.422711125047854,77.87417059117911,60.77162245961834,0.3831004308163693,-1.2285136559408956,0.31175336425600175,1.007280803804018,1.3568562161700128,9475.827540557957,44.41472124045692,26.225310114951867,19.433934935711484,2301.3327482290756,64.52557510081833,0.5835773940284146,7.898029869263066,0.833488410867218,0.0072544267056068625,0.30517041810550544,0.06764998413901147,-0.708998197977989
Canada,2013,4333.928440335453,1230718130,39.69919580994825,69.85632199521848,49.96488304373,0.9260062064169072,1.1490414052506328,0.42353072570057776,1.0214988390131223,1.4326519832764384,10821.00803762051,149.89151704938138,8.545468313185117,16.160032504889678,2591.285686422299,50.19201572025942,0.569049223076713,8.37422967073144,0.9521541565677815,0.021270998723863392,0.35952726050697376,0.06526940427103534,-0.6139623605078162
Canada,2014,3641.396131822606,994633036,60.821748802040496,85.45420305369433,78.27584634380428,0.3586592527785276,0.9322460284377416,1.3179151980826636,1.0192774686689383,1.4321069154921129,8474.08868314364,184.88813849740836,39.491968962703005,1.5937843627700496,1860.6346243390403,77.89546886035602,0.5710702728273167,8.200122439791771,0.6209176254122364,0.019094012237761623,0.3591467274079146,0.5536953639273159,-0.5495879768768424
Canada,2015,4032.8508031105603,1175718595,53.863939595679525,97.36150063490729,99.00612516518643,0.3063085891080396,-2.9187302601718272,-1.3787707259243345,1.0774021105268667,1.5102410338228134,9298.76285570997,87.20946823867499,39.57613964387292,0.9814925755835834,1655.869143641687,79.77529337266796,0.5678089531393307,8.302228800167391,0.5043260333008156,0.07455269016980931,0.4122692631363313,0.6642019714764622,-0.7161871369520747
Canada,2016,4295.202377102146,1384056853,47.980801468236535,98.120542653219,112.33748796997216,-0.02848858895207275,-1.0917933217612523,-0.2046656570726587,1.0669157820809576,1.464874099746707,9123.551959687527,308.6082838560548,109.75803798558934,70.50138587575032,1736.7458813354128,87.24357757187434,1.2248892728308385,8.365253952540444,0.552013179109943,0.0647720395709172,0.3817693000366364,0.6908721971686329,0.3502165055503912
Canada,2017,3780.386985979806,778554476,41.00287771330619,78.37618551068093,107.0935843080506,0.5884664739426989,0.29950916136501043,0.5055851870091163,1.1217832404795658,1.5113206398774794,10960.34509952804,99.67112301912853,91.41161768970369,43.2728133287473,2319.661593051763,84.31040154996195,1.026465569881914,8.237581660616776,0.8414213099749802,0.11491959813343677,0.4129838645360017,0.49611219849602084,-0.2406906471441248
Canada,2018,4252.470616819094,248952466,67.14807871505906,94.35398727554724,97.05440326052687,0.6590025055009456,-0.047426116820745774,-0.5834295490989292,1.1324647905307217,1.5851331962763522,11976.289711060514,30.615447809763896,159.54774485315642,122.93904698945852,2279.542997639491,90.33910377733743,1.3622859996239474,8.355255414621006,0.8239749832438397,0.12439648785264881,0.4606684393040436,0.7862607322189488,0.4024452091231847
Canada,2019,4252.268047884449,1278581502,60.78842603458394,79.47780369632783,123.84609582372488,0.041738654926026776,-0.21908040443698976,-0.2694655741124743,1.2078962051552578,1.51443882847788,10915.74868921211,248.43683160451025,212.39532534145562,16.946077995470805,2547.4620610354523,90.39875361192703,1.1619720424668618,8.35520777789925,0.9350975933779201,0.18888017293632037,0.4150449600968884,0.8322251101660203,0.23501965711550787
Chile,2010,8074.88355118965,935320972,41.87634392721121,83.04162572378551,39.992778452062005,0.7889090535686143,-0.4462170767915389,0.6445429113940008,0.9366238023872094,0.8901796431098177,29941.415886227725,16.226034850024647,36.7182469023376,104.76303099181861,1088.865452472623,50.45208182869179,0.39879596730615496,8.996513727081568,0.08513628486925089,-0.0654735689455269,-0.11633199043334677,0.0779180071651997,-0.15214224563004297
Chile,2011,8292.446532768117,327211066,27.623374230969777,90.1389169493794,35.88749665197204,1.9561041160471335,-1.101852524416294,1.1776116531921068,1.114042449027148,0.8789188512045194,27279.150450590292,187.9331657517485,170.56147923117396,30.967406405368575,1496.0117906408168,67.11171918015962,0.14504095539295236,9.023100323139055,0.40280276096562334,0.10799524583041323,-0.129062705007446,-0.07824482135366362,0.08820958305928439
Chile,2012,8246.45940321854,1067863538,47.32234572179247,74.33449319680466,58.79496307197426,-0.061884943856683264,-0.15750855896312765,-0.8916935704543415,1.1181438035564086,0.9487864843603612,22926.18943531726,99.31085371676824,230.93902228569735,83.59870943360009,1325.3724549324902,50.07205740278472,0.14475217473236732,9.017539223965587,0.28169351799978404,0.11166999218262444,-0.05257149582289267,0.22749731681976404,0.49263956003760545
Chile,2013,9747.91850151244,313821059,53.353001566454395,89.65628720602471,61.97504706507248,-1.1184877278390806,-1.2349001620176654,0.5225959066249816,1.1230920026476883,0.9980851602196514,27752.2341892311,288.700510573941,72.77189479337774,132.61157419298746,1133.6566004558508,63.039111003438336,-0.05052718754289254,9.184809054175929,0.12544833797837765,0.11608559817767736,-0.0019166754297313265,0.3795459723084127,0.6078176615544109
Chile,2014,8874.560825818722,929171106,57.79185502981632,95.4183498298428,89.4732702268818,0.4786776376599063,0.4157284586772021,-0.8778701396376349,1.1871093212897943,0.9085778997467735,31725.913758741754,78.27634384632425,87.32769578438936,23.811073302690897,1432.9353900957017,58.44186028873446,0.7276129473614588,9.09094412870443,0.3597250606667739,0.17152121019865388,-0.09587464936584543,0.6361966483570718,-0.4197066189568891
Chile,2015,9671.413492001873,431704198,33.47751158723233,86.39344204394486,77.04062594481148,-0.7909017195476848,0.36025382243505044,0.0024868401485093963,1.2381696748093292,0.9786599386890106,27782.42464270832,607.6708550336773,10.566810444525125,5.965730121782039,1282.8755020062642,72.64170637825147,0.1676017291909444,9.17692975067121,0.2491040442971321,0.2136342204521876,-0.021571052576040535,0.24554919911776163,0.08777899401642597
Chile,2016,10829.637402871189,747842178,27.02549042389858,78.58688972030784,74.73853151087295,1.030755399454602,0.04936370724029442,0.02978226913726131,1.173640847858795,0.9425687845803428,32579.417749418684,372.33598311632284,10.899587400641044,77.37878250110265,1523.7719180911554,78.03796251621459,0.3480199529658975,9.290041858628557,0.4211887860190988,0.1601107528465874,-0.0591463813358528,0.12598547750597544,0.1727504798700259
Chile,2017,7576.094890691311,979128499,57.90104424764012,101.09630797041213,77.3150817423886,0.21811621074570306,-0.44918642142630694,0.5582534712000038,1.094782592039871,0.9394242172841211,21105.76056325152,72.45951974613558,36.49065459678578,56.26366179490314,2343.8220132833317,81.01339846754487,0.8561413005133858,8.932753159957922,0.8517829359321151,0.0905557974732718,-0.062488126198299826,0.5800134309108647,-0.38250753980113383
Chile,2018,8193.85135628052,1386553451,51.4539183023397,73.39011528340428,70.29683935378347,-0.32939953414771944,-0.2908666322454391,-0.9193631977506354,1.1096200714920237,0.9307122608737144,24355.27390906189,174.54894615722466,720.5969934838762,124.08878100469036,2345.7722133537786,82.83119813591476,0.7436364554894163,9.011139317385833,0.852614649760058,0.1040176787986667,-0.07180511405784751,0.3461479460654042,2.5201634285728978
Chile,2019,8208.18535586205,507890885,60.66209597783937,104.26207938113022,68.59022031685925,-1.1011099992623583,-0.2529581636649504,0.2922909936510141,1.2573344010698881,0.9521313938010214,19239.33559684081,353.6807529571614,341.99963486368887,3.4561523210497005,1504.4893505628875,85.59012102555582,0.45304166726418726,9.012887149497441,0.408453538673338,0.2289939253099689,-0.04905223501592415,0.5657167548430972,0.7525077199478967
China,2010,3539.981282901736,2493383,19.417189491623628,60.16188300062481,40.27611738601907,-0.5393699693796072,-0.569869651530167,-0.7036077029271541,1.262829390378266,1.3293927758745543,9610.126122353297,35.72104519114814,56.6152835491067,57.1638551133668,3166.567337490498,62.97511071185555,1.598123778358319,8.171876718797948,1.1526481423381638,0.23335475140795214,0.2847222784858272,-0.26507148835034033,-0.37065494542861877
China,2011,4008.133854993866,145676005,19.21990723152134,54.84071980029408,10.00432444096785,0.3287860615207003,0.6260470605721274,-0.7207175962436602,1.1343892965128022,1.3513602156986806,11232.915085542258,17.33449876707246,161.39451350124602,53.533085062329924,2699.9716047115294,70.28714234074346,0.1977287557057137,8.296081039161592,0.9932412561814742,0.12609444137815395,0.30111165237943105,-0.4912469797643074,-0.07624022330185964
China,2012,4408.525164718247,1147912592,24.158716681017278,85.29758312882193,66.54019737578629,0.4945525717322407,1.2415040960979908,1.0215846657584347,1.210755924134184,1.3716737276486142,14013.212881887948,263.8209793279786,13.12139571346444,28.041108555169753,2118.185840783431,82.83586209538022,0.41372945717248927,8.39129548273768,0.7505599868537878,0.19124489523507782,0.31603169318663926,0.0674380975533031,-0.3296196583740225
China,2013,4279.003222381281,491244212,37.284354897836515,62.60925147041587,84.34598471685544,-0.5027877841094317,0.6195957630922971,-0.03083060947473001,1.267803077189042,1.391182062551696,9367.934191371667,144.64537882561385,103.41317148857773,94.57604168700986,2247.2205565391378,64.1776752129708,0.2673850864569036,8.361475369485307,0.8096941443893835,0.23728554205305877,0.3301537904668327,0.23744905588173038,0.21629314758468143
China,2014,4695.005240619475,776604233,40.84501120701065,75.45914327731319,83.24163069163505,1.1594758409890429,-0.2999557518793083,0.2984418547473426,1.24681767998545,1.4036886785629636,14826.615507045512,19.72926766376324,127.5885528997134,9.381726131570128,3208.349760971467,72.23355316114555,1.1508890605299495,8.454254507854621,1.1657567117954244,0.22059444910040774,0.3391035421006433,0.3231907594553791,-0.47927787001754896
China,2015,4587.298290002951,1232940112,23.293845902045884,59.788461077020656,90.91677310439547,1.6028075283210736,0.6593596958366903,0.1357652361142497,1.3615622847235564,1.427575281810433,10647.929563436415,3.281000620351703,12.989759681487032,14.28866380801467,2449.63627775571,71.05427148130606,1.2540251270336664,8.431046521914494,0.8959395554767533,0.30863277921976107,0.355977397977409,0.11405091853962124,-0.8559747079743593
China,2016,4910.961457096609,1230390303,36.42535367766578,77.51973207786855,81.06963253643801,0.6030840559469458,-0.20088207042953,-1.9845668079876333,1.287670271047074,1.3843762705163596,15785.906777122986,117.73964286166256,77.822603616076,42.84961734538839,1896.575454348422,90.32901934102696,0.44162479976847824,8.499225017728383,0.6400498674605231,0.2528345941685296,0.32524969200542325,0.26818925254143644,-0.2586944675410532
China,2017,4091.5396839211317,607624076,55.03954020735611,102.48190628753639,121.72451679460039,-0.6084070784570917,-0.44860333127019647,-0.01779823587936859,1.271482603816586,1.501786472123521,13246.071503661364,6.586717904740444,27.814176437219334,58.5461158919561,1751.1813006606683,83.28770028928938,0.3577564035117735,8.316676629033472,0.5602905891548119,0.2401836241636243,0.40665538086808684,0.8500551682438056,-0.5060007760883274
China,2018,4006.9552814330405,966487350,35.22011234034092,79.87850979273429,107.5308720816304,0.3748422228049621,0.5263104083465435,2.168596421774661,1.3718761413849552,1.4752153704403355,13096.608592565435,83.86401826114178,80.30207680929746,99.2121346916499,3893.7889234118898,76.02117236381505,1.5819913707793758,8.295786950462325,1.3593826998855285,0.31617924927008634,0.38880399299065194,0.4410341862399392,0.06886118441056044
China,2019,4546.009834250093,1066726556,60.26843470388023,87.01571927896886,113.31860604559196,0.2821017631337379,1.5303638461854019,0.37294212975784863,1.407400084115076,1.4499750671764122,13955.324196001222,659.0367938780728,16.652759854787284,135.5027671294624,3674.6163216777745,81.92894719571758,1.9944020515769765,8.422005167685576,1.3014487249499531,0.34174409031659925,0.3715463612338962,0.7876721451205413,1.0572556368424948
Colombia,2010,3497.438496092154,1172628565,43.28631066849436,98.68452440257809,69.19181051500146,0.29162759122661003,0.4448602190585207,0.14180909355908458,1.0011500412873033,1.417302121049605,13282.72284416672,429.0807088748189,249.66330564243665,28.43484142616402,575.9054348833009,74.73611392253096,-0.8899081803746105,8.159786121279128,-0.5518118073143513,0.00114938049639806,0.3487551497320462,0.3534232625384668,0.736911143107247
Colombia,2011,3590.3713574156563,1169390078,33.94183058232312,100.7313665861576,33.26864280818819,-0.43404625608946,0.36976999120849974,-1.4969744928487898,0.8641163009683388,1.4084744739866164,14187.252063565835,286.82551720216327,203.39751020713697,204.99664619461817,1094.2145449274228,69.02652446306499,-0.43559277650851,8.186010918309615,0.09003679530958131,-0.14604791163462782,0.3425071853348665,0.01863643041161267,1.52267853732485
Colombia,2012,3283.8534065834765,857497190,33.959304849515654,76.62516577551773,48.386971945088305,-0.007035751588457162,0.41055984886174485,-0.3350789951400307,1.0399066599101827,1.481303788885681,10625.163236658047,121.38522499940298,90.57390178523099,14.018325241654505,867.9076576277283,50.32069583569501,-0.23886538785153605,8.096772830898601,-0.141669955202607,0.03913095903913842,0.3929226384137648,0.019176946470975453,-0.40232278410586164
Colombia,2013,3542.326144147636,260652634,48.711390068229115,86.42033280538816,60.65547683562647,-0.7291548985098323,0.6595416499079838,0.7369205971158338,1.115061576639078,1.5439204441690912,12199.110805705624,231.63495674997313,50.77524834951318,55.428193109795686,1217.7653246710136,76.45498906524983,0.4956645629236377,8.172538893196824,0.19701747804004224,0.1089096290724717,0.4343249244778643,0.3056922330180616,-0.07516962351969614
Colombia,2014,3608.0957920364303,914815447,41.165512167734065,81.40018443205437,10.887623513098603,0.28847334212547315,-1.112548343980205,1.150964385887385,1.0063939601020133,1.3887204987301207,11817.300141131009,72.36552993688767,87.24977580551074,32.144919622592646,942.3715902542014,74.90040396483535,0.011728970759668632,8.190935430729304,-0.05935561270411629,0.006373605457569431,0.3283828187074493,-0.13085382847095983,-0.37425873326953374
Colombia,2015,3893.634081396218,1078948157,50.09898248476536,88.42163798623693,67.09511709993056,1.428254715379782,0.28585553816850146,0.7703684585995583,1.1802488621587561,1.447228156296834,15267.616433513767,179.5307855669658,88.37073409775446,89.1024384278812,1665.2678339115732,66.46240777412588,0.4123224682479228,8.267098211664678,0.5099859717037823,0.16572531637580556,0.36965011061507425,0.37237963321736145,0.18780334578999924
Colombia,2016,4112.475444005998,883860554,33.72863597813759,65.48566830590929,82.18970718894175,-0.152608368267639,-0.13023919730608569,1.6767990001803517,1.1614097052710433,1.431689071481219,16088.387709233546,47.10105008601669,84.70768229246325,96.57579717375559,1205.351474301361,74.09322397400804,-0.22130630555635522,8.32178042399343,0.18677120433044286,0.14963453044840094,0.35885491610867415,0.19555095451354032,0.004699338943275899
Colombia,2017,4420.844769561635,348461477,58.77609530278536,81.85770521660851,102.561171578164,-0.01814822026051739,-0.49803212213244247,-0.8573610614893955,1.1637908671213957,1.5081507769038829,9460.003313606057,143.58770598826868,28.73940345861748,2.5970173959917418,1625.800889485216,69.96011364628339,0.5849836110335376,8.394086081145026,0.4860005494363582,0.15168266574564004,0.4108842492719014,0.6778826411767997,-0.6475756958508823
Colombia,2018,4577.702327883217,432358152,47.75396591784821,115.87720093312258,96.60579891233184,-0.034506871712725956,1.5980113422438103,0.10587720512213805,1.0885876723867718,1.4652155197748036,10353.758600229863,55.65764193092002,22.86994761358321,30.895338480470997,1296.138560454445,89.48128379642196,0.08950103147179309,8.428952476092489,0.25938950614609496,0.08488114267198657,0.38200234412332046,0.6574599512796475,-0.6250351815333826
Colombia,2019,3675.785482761313,502953980,70.12025262219915,93.27238415172164,56.30938528573764,0.9588158692133549,-0.13631073868488897,-1.7077549339814848,1.0697756241309582,1.5430414787316695,10985.559338091582,445.94870670952986,335.38557502848954,56.171867796176436,1527.9868153207499,92.55360228508576,0.20948809342106156,8.20952212561428,0.42395106199031446,0.06744892941043834,0.43375545489376943,0.5431447538948595,1.2356788799186913
Denmark,2010,1635.0076355634421,645843015,27.3910017699915,92.59883907699196,54.73910777438492,-1.4245904860507765,-0.6425920735613642,0.4409533829613554,1.1439571412624117,1.6054520488658601,3825.2637784005824,70.65615507681156,114.7998900833804,99.12970342796164,963.4932801676581,44.32941749764562,0.4177208284676997,7.3994027533898326,-0.03718976554990111,0.1344934283243573,0.4734053673096693,0.055100345427716135,0.16129124825903163
Denmark,2011,1903.7683888105582,419888221,25.713895147404727,93.57299889642879,71.18242621980488,-0.9174656657339528,-0.7521769671405736,-0.5078505311771654,1.095112092825724,1.600051634471526,7479.977909306281,74.54413552845206,65.92184609255727,20.278256280499114,1061.6531632452086,64.62059559062875,-0.12868405123901128,7.551590563419745,0.05982728119683231,0.09085672590660422,0.4700359002697243,0.15014694961609387,-0.5208319119407281
Denmark,2012,2019.5912005573643,949114351,35.87061231896412,62.19601080102554,34.75221402285669,0.9516976042301146,-0.12242070096497049,0.44016199682115265,1.073379655747802,1.6731619744253148,4398.839300973853,1.4819980399890222,110.5369221546447,44.55307541953511,1492.7781585913774,64.80633800723123,0.503091525496255,7.610650393952771,0.40063891983521416,0.07081222748595589,0.5147152340697808,-0.11060616907708098,-0.3320530932876352
Denmark,2013,2258.405027236551,913990841,25.13557746729807,64.85045445374186,61.523245998107676,0.19088063274275496,1.2622145639455091,-0.8540750152359089,1.041171167295263,1.6516312899677956,7925.073592012095,199.1757212375758,164.1932576478868,23.08608065397923,980.7017240728064,80.32689820519589,-0.15614527208418696,7.722414102953695,-0.01948691858315782,0.04034620195237314,0.5017634600960377,-0.040350605707601406,0.03317759858211056
Denmark,2014,2032.25639354761,565292809,43.95263031479773,84.73472959848014,62.32398148584509,0.0628789648920299,-0.5424572227947994,0.4257034991051507,1.1334747389945246,1.7897159870365633,4977.766029512631,180.1579926971201,113.555810166036,17.643231478987506,1836.0265391087337,54.230133606739244,0.7600274785057993,7.616901978665581,0.6076037469460798,0.12528790487196534,0.5820569408037887,0.25691714228594265,-0.20359576842476323
Denmark,2015,2266.240976975386,1201708481,56.75506576508779,92.88631676652273,97.64104576828356,-0.9759005958732173,-0.6646159052842686,0.1167506353158193,1.1903214767833934,1.7379565597271893,5113.968832965966,159.36362800692876,10.70552126352378,7.076161245505465,1599.1916613330345,77.83068588009989,0.6980547221292075,7.725877780583092,0.46949828991646847,0.17422341919736037,0.5527100321276067,0.6685784668167105,-0.6515344741400031
Denmark,2016,2405.5153203496725,1214525531,33.2888476561511,99.54573002565297,31.717842979379256,-0.09533506986233635,0.935630517835107,-0.14292413521111214,1.161874818968307,1.7534087758839267,8596.789187757664,22.89203190674087,35.76727664538655,31.18945654129775,1957.3642880616878,72.93397304028797,0.6104642589271014,7.785519430002899,0.6715988172644658,0.15003492368360305,0.5615617652265086,-0.0038977532955720706,-0.634692647728825
Denmark,2017,2142.169810934298,498403612,54.88474200851541,67.60276438456802,100.03592931670912,1.4386301607384502,0.9531117122331315,-0.5569696412639198,1.333411897118453,1.7580757996778449,6051.093806256861,306.6294805763955,204.83610478695758,73.9889713479754,2136.7208458806435,81.01999356415087,0.2891192116537713,7.669574524678851,0.7592723388294054,0.2877409935547384,0.5642199153288354,0.5584148471417099,0.6870959592370205
Denmark,2018,2251.1702758038605,893874750,58.500206734218324,92.58870881034174,57.69898218830424,-0.22448035747045117,-1.2005355222254712,-0.8203281022223236,1.2732167369128473,1.7046703290933807,7039.514073188916,33.04837382858105,195.6562186501158,57.460207431386124,1842.4329590491377,96.28420812280152,0.6516239941177286,7.719205482561095,0.611086958557304,0.2415465618882892,0.5333717366694694,0.42044846501198907,0.09033606809059513
Denmark,2019,2195.809175706075,417820216,65.73056600092744,89.97782992672163,63.54943499995118,0.3281696125436411,-0.37261453188646226,1.8996852400211452,1.383286944760677,1.8198457318080812,5404.9680601442105,132.79395732574068,158.71012136049228,53.481973464902524,1610.9033472590722,89.036331787098,0.4343764562578367,7.694305902545009,0.4767951069009774,0.3244625111042788,0.5987517347533271,0.5289101469268751,0.10690348984389231
Estonia,2010,5259.502654240204,303078781,28.360464999730034,71.28559717202775,4.485271925564959,0.10127736822215486,-0.4669442854449451,-0.4227409048924205,1.0307708294195945,0.8684793497247228,12298.134193288948,202.1248510469155,30.665667275050684,201.38947991952264,596.5386240581131,46.61617588676155,-0.2091347804576092,8.567791748835576,-0.516611288395229,0.030306900423583666,-0.14101147052697768,-0.3579585878380065,0.7816901754585126
Estonia,2011,5254.632974851057,431238787,33.9760399249544,67.89204676748176,44.41455386600214,-0.17150008776409129,-1.1535829885120104,-0.41320859372866625,0.8973046469921591,0.9220855056497412,14146.142700178583,258.7095483619217,173.80989833144235,34.279762213571516,737.4821056867762,49.316657024488826,0.03369297395464388,8.56686543783691,-0.30451345453808276,-0.10835984583033054,-0.08111732040914565,-0.0435078913070962,0.2390806564651542
Estonia,2012,5792.21829038384,894216071,41.06583154190254,64.32295251334183,73.42456023227398,-0.3933979357841078,0.7142846530583643,-0.6196080492107163,0.9367072686969523,0.8689543370343342,22123.917858217446,375.1826052930744,29.741451045496913,21.38627964328312,605.3868437922534,59.43629106451891,-0.05866951456828945,8.664270621612246,-0.5018876140606902,-0.06538445889863076,-0.14046470166314753,0.21379638748633467,-0.1329822900713321
Estonia,2013,6223.048685608462,1052045625,28.692829680676603,87.05628690990933,41.47599366713134,-0.1154275028162039,-0.9733747347091257,0.6737015673101063,1.0510675015932627,0.9347208152369487,17934.361223643366,699.2420779275565,286.9132014946973,17.898925898529516,590.3118859941313,97.09568970096393,0.15318899974593414,8.736015208033466,-0.5271042614238423,0.049806315896407514,-0.06750738761078084,-0.041949628086984325,1.241106974185115
Estonia,2014,5237.509930285529,626127540,44.969158707361125,67.79796176830652,74.21333755449241,0.0763512307901889,-1.949100530597858,-0.7867327829272246,1.020847480952772,0.944005814443667,15644.51109196424,173.67155265018033,29.59018989920517,1.2239578231744468,634.921822434052,84.12883691723155,-0.11840319770483865,8.563601460225833,-0.4542534019457135,0.020633145999213346,-0.05762295348731379,0.2769044100352389,-0.6037537270978526
Estonia,2015,6268.490213610681,1365788945,44.920954846267634,94.10763597462685,68.9847083030653,-0.45077714034005567,-0.3544097225931739,-0.03176502587758232,0.9687922749254716,0.9339426457705916,16627.024388280897,128.33827121469216,7.360346771526352,17.30343330671606,911.9751387203661,71.95573237143333,-0.5896432191290817,8.743290809353725,-0.09214254945440814,-0.031705060633972874,-0.06834024973665509,0.3511349257621319,-0.6462121700256516
Estonia,2016,5120.687498566253,216842092,48.39693526597562,106.41101461391696,40.94368939903504,0.1361415545535458,-0.36970166013795647,0.531482939391945,1.0670527181786957,0.9282124377412244,20383.18423849245,116.67895863742504,80.34262444314237,66.65389931546412,707.5787859535109,82.83982293951527,-0.34607522656332246,8.541043986082917,-0.3459062974264348,0.06490037895166198,-0.07449465241434924,0.2540808820623943,-0.0933669920240563
Estonia,2017,6836.691532200671,53809566,42.203575726324935,104.10691590501636,102.2105941592289,0.3316930280213624,0.46292930705213337,0.0703703170648016,0.9775470360862245,0.9587222734046713,22378.819687416624,629.567036505346,259.89871358651,22.477105971301206,766.3301449743557,78.4129409831427,-0.07277467983855707,8.83005919947615,-0.26614220343375106,-0.022708869522000547,-0.042153846244615184,0.5841113965138156,1.0654548126059513
Estonia,2018,6090.0008629050435,449869253,39.026268299054635,76.34554875351841,49.245429845305644,0.5291025519133664,-0.5132341766262772,0.18502561819469165,1.0720531429184215,0.9338157399105929,15529.88027533791,1320.8157493586468,90.46912958530675,2.7129454896864194,1140.7423964303673,90.72114315096437,0.3953654837006452,8.714403502396058,0.13167927539037744,0.06957563503780963,-0.06847614082531721,0.08003452209786022,1.521009650813343
Estonia,2019,6478.669235294638,177513772,43.030379422488686,107.83427091757073,73.30778755127524,-0.16722580482193602,0.5428191611200225,-0.29662253556964935,1.1002029405582912,0.9728810993646184,14901.452069935802,7.85202447433767,43.89610859361734,53.43969565727497,981.2275410167694,95.71934366519451,0.09906216279299639,8.77627040333239,-0.01895089828323271,0.09549465420450463,-0.02749340429952815,0.41614337274825375,-0.48432829284887957
Finland,2010,2265.1563622236313,16412317,37.248546715562,101.33159524885335,40.86380038522672,-0.850847783547774,0.15970801432921164,-1.2489623377511043,0.9564513971962347,1.0866384676790368,7754.56266102155,3.5816768493298423,26.143795537760827,37.14148622930249,523.8330071746492,70.24512675426689,-1.1344076806390502,7.725399069628709,-0.6465823340510953,-0.04452530456982585,0.08308895638518335,0.10851305738908934,-0.659274645263231
Finland,2011,1554.4939089627028,852412283,17.489805876519455,88.79528134468258,46.00059236270702,-0.10402084919879187,0.49528401477188205,-0.9287295651093912,0.8957520982111161,1.043245661726186,3146.4569132252227,251.33147209249884,213.50841363295606,4.3243975161833275,678.7249977731144,64.4732233048647,-0.56201742439031,7.348905311165434,-0.3875392441058284,-0.11009158039276604,0.04233668205881888,-0.12901786890667077,0.15940981570524038
Finland,2012,1819.7679463858726,1301472508,6.828401193029336,101.85458555265177,0.0,-1.1729487859756336,-0.8749896493733366,0.8215245970564958,0.9919401815174783,1.0785566469685717,6729.4233341036415,128.19511769988003,25.35134831823861,17.843650310586014,759.6704383769861,77.28991100962017,-0.10931294200315261,7.506464269955988,-0.2748705734625402,-0.008092474405074771,0.07562370931435773,-0.499734769163625,-0.5828793073688312
Finland,2013,1893.5262456981745,1325656966,46.32427809762838,60.2125829918593,56.92815762961332,-0.026635791613550053,-0.9295475251040701,-0.5418193472074223,0.936602089523557,1.0406154925410276,6129.95270315857,280.68891537629315,27.287643024199525,16.532629664566954,867.6874658268775,56.253815979844944,0.11794386868630591,7.546196108190163,-0.14192369157125267,-0.06549675126832873,0.03981235784802495,0.14512101441492908,-0.33100879986173337
Finland,2014,1646.605202741075,1203526025,34.4783913193248,74.36345667094966,52.57567855948372,-1.4211186370738358,-0.5231705069095376,0.1722421039532096,0.9561187209679375,1.071370632783044,6068.504094188082,118.96111715580997,146.94101795096736,2.354079206017733,939.9412555029559,81.08062843517985,-0.6027947587420844,7.406470994546614,-0.061937899816719696,-0.044873188528163216,0.068938793955629,0.0434454967402349,-0.2962342168636406
Finland,2015,1970.223863209471,294758960,42.29106372929063,86.45804862333021,60.312244852173976,0.6372352244159977,-0.1886673950513451,-0.24535783026074975,1.016046526126484,1.0999433823211509,4066.7138153304822,2.9165637433793963,28.142563476497056,26.10203978189623,762.279045457544,91.9658668297085,-0.46358961049962866,7.585902451422876,-0.2714425889430009,0.01591914153938174,0.09525870786253167,0.2322242097149314,-0.7273169169600693
Finland,2016,1763.7376469668375,618067323,52.886685244673075,94.5593761780969,68.79101062393849,-0.23190049237989588,0.15870492850115164,-0.6137736548245123,1.093522716733994,1.1127643032848482,5013.530536161579,24.52386340912932,35.895143886719275,40.77244260021896,779.5998425065459,64.39756562407825,0.22355033491558363,7.475190499296621,-0.24897451336703558,0.0894043352526872,0.1068472828279329,0.4402339742869168,-0.5676601306942606
Finland,2017,2225.3592891729054,1343819435,54.92010937365757,98.55756138456344,83.16919961163585,0.20148353223600413,-1.123833238088262,0.898142603650991,1.116349672061769,1.1494507307751944,4522.955771924279,132.0546469168254,54.848036441753344,15.558638824418214,1158.634009782404,69.8906890478428,0.17360202457920268,7.707673659844084,0.14724173345498442,0.1100641411029331,0.13928420286293416,0.5753412739983375,-0.4933578748366584
Finland,2018,1954.820038424488,766235914,53.89803884374954,119.8532820843267,93.18595567659281,0.38128237385918395,0.01174411191176903,-0.6319890830940824,1.150699606767561,1.1896326634443173,4921.594257509057,380.9988200802225,34.698227448910664,64.62625888879292,1428.8266044577967,83.30201214237862,0.5544927616178378,7.578053416225641,0.35685355110798,0.14037011111397762,0.17364457328880592,0.7194954781258638,0.18150051755535923
Finland,2019,2394.7232580680397,788718528,52.21916942246175,117.62369910319865,85.13063581692248,-0.37004457305966415,0.7972439075987232,-0.7949583016851866,1.042750740639013,1.053662761852831,6051.347987764869,187.25352825796875,14.166920693087452,33.71649865781076,907.0133269730392,96.22639722787852,-0.03597497742125704,7.781022953301409,-0.09759813550963503,0.04186216436943219,0.05227243862952352,0.6378493119590525,-0.41591105954102214
France,2010,2804.6690901691113,281056619,37.66867293329061,61.6294283352419,73.178991647538,0.4664865085261945,-0.3942878151164475,-1.4481706568694532,1.2568406704139246,0.996202540741694,9593.98311790609,61.261170447560254,200.89510196771582,6.838734558033057,1140.1407551290642,49.07104758901251,-0.2057353905359954,7.93904083957841,0.13115172419614354,0.2286011677268472,-0.0038046879128657064,0.16319003941699006,-0.18265614564145982
France,2011,2797.6492723382753,1322743502,31.271289175565638,96.46826023359,54.35325762609569,-1.5821992498937025,-0.20924952085312146,0.045197353594586154,1.3505082724336162,1.0146241412389396,6674.865162085897,53.902720867768316,21.140971106244617,4.396805632082409,1094.8505069469256,62.655251349653675,-0.0020888789467105873,7.936534797954049,0.09061783061216427,0.3004810196916884,0.01451823971613133,0.11176490376465886,-0.8103801906523547
France,2012,2534.460518604353,152440968,24.463250836002395,86.37672075749603,80.44814450720943,-0.5034755874676036,0.3742558263277257,0.15608317851431042,1.1469051779635886,1.0256694579586871,9348.470951692152,216.2081783227436,349.9803503370557,65.62451238595628,1553.9021112585071,67.31873813121152,0.5568868773119909,7.837736080203522,0.4407692584932678,0.1370671651253701,0.025345529109775874,0.16803786471543414,0.9644448809011337
France,2013,3064.738166378077,936610469,20.91855953129254,109.1523928402183,70.13317461424523,-0.4096491354553017,1.1207054882503733,-0.8378297171070485,1.3174357852539624,1.0504853499402897,6729.449582205675,30.005594632574756,60.932418029213764,6.0332058740558985,1903.6470303511671,71.11386475048268,0.4024135468972118,8.02771741776464,0.6437715359646559,0.27568726040036573,0.04925229540871098,0.15478457349912822,-0.7066612430212902
France,2014,3166.4689515174036,1078491542,39.40790740684917,88.94047454855071,72.15068360107269,0.03537360232014648,-0.6473007879528319,0.05413700645016764,1.369855050050622,1.0398588376565339,9516.374852107765,63.70596736141334,50.51694432476741,45.52439795389766,1836.9557767283352,73.93181579813198,0.7549249139874668,8.060372350608366,0.608109732305944,0.31470493135975597,0.039084970918157325,0.28945550581332546,-0.42193758695576866
France,2015,3076.283366292032,782121169,68.37845119172165,84.32941062402784,81.48178444640094,0.25527586721885936,1.0072918794677888,-0.0759722484741374,1.3445986445274105,1.0780797769226205,11871.986442399731,666.252527105919,37.31136135772522,7.173365816311462,2776.8683705387807,100.0,1.050724381553063,8.031477448064008,1.021323807323248,0.29609556296617673,0.07518147431504077,0.6543450093730296,0.2826145218110254
France,2016,2806.861319562226,238799950,44.35622707106758,93.91043713484729,78.72982651123462,0.17943784574527544,0.48076742775991765,0.2660258504781126,1.3457297064976157,1.025158479578521,8912.542399875563,271.9584464576344,44.851393085687,256.88752533666053,2031.6865801825722,84.77484842091394,0.98983708254061,7.939822169926665,0.7088662757835736,0.2969363986481209,0.024847214861771605,0.40900596559306757,1.3153522232927508
France,2017,2792.9486867326978,457375592,57.04993375678873,112.70817131713676,141.25298496477447,-0.8620665980829701,-0.2397224512442925,-0.9732829722315239,1.3792018361594371,1.1075632841587875,10604.130070998315,240.8783221303071,68.39100404106952,63.38737555148823,1701.0514510311166,81.51698321428614,0.7212730227842453,7.934853193679271,0.5312465604760406,0.32150495224850306,0.10216236275727275,1.0451920997731077,0.052016387363998495
France,2018,3326.0784005354653,497875676,56.34431116482098,68.06272871062808,69.95248508467566,-0.37474055831956626,1.6087408899204114,0.4391862992615287,1.4945387706411075,1.063882916725483,8626.972515962703,366.65216672667054,277.2556281183408,5.001391107900222,2284.676591425508,74.68926512057897,1.4625674996379987,8.109549231494139,0.8262244788478985,0.40181764462089065,0.06192534419299535,0.37599250535679896,0.5686149789915884
France,2019,3250.4517319681704,406501157,57.14072082873505,94.77276251343307,78.73219175306647,0.864684963960697,-0.23547817882179986,-0.3649249568922863,1.4782965655174234,1.0278181610866264,11660.492576196393,553.2850490732411,298.9738257988984,10.821744037154179,1786.377395189539,93.10844916410855,0.5260976607741048,8.086549260116694,0.580189767628965,0.3908904556572577,0.02743826528427811,0.5546646869234706,0.9908661280327575
Germany,2010,10775.79930714302,822939769,23.507370803898638,57.71656995153393,51.85358892058007,-0.8797266766754732,0.18743868830151816,0.12073722144519677,1.0406811593829162,1.4830359447838977,26212.547971631546,78.66856192225228,40.32558585333503,93.63223920937294,1148.6231505723613,81.85863766417626,0.10914189415476942,9.28505809385803,0.1385639647145217,0.03987545970508093,0.3940913007473607,-0.15263069013253439,-0.11025218255597657
Germany,2011,9856.753562039466,272519958,23.765202200666963,66.34083892797037,54.21802157566894,-0.6447948870654381,-1.1149379874929373,0.7540748967198339,1.1274339015098591,1.4407239735157769,25610.31278459681,329.92426440505443,47.12433277429391,32.01452975760303,894.3641050442449,56.794813793513384,0.3632065236447266,9.195912140038045,-0.11164231038727343,0.11994416673820552,0.3651457466327097,-0.09806855839936424,-0.0796149183599093
Germany,2012,11138.889572897484,1360926177,35.154801184885265,94.12716989842347,12.374653197561585,0.19734651968859526,0.867669113171076,0.4407395047148323,1.0712242692580947,1.5663109366383965,44444.37919292095,106.29283055720849,27.7023963282853,12.266525693940658,648.214499371919,58.15220752844009,-0.7445082123157235,9.31819782923985,-0.4335336198548264,0.06880217127904427,0.44872313254531554,-0.13469686871854414,-0.6487271233507639
Germany,2013,11985.218117382925,410891827,36.85725057445535,58.30494483319279,55.890375022903655,-2.451023893049917,-1.0224706901694427,1.5089513268448655,1.13667414032066,1.5642930027974178,37720.85330780183,2.615313330359219,10.529675328053356,71.1841568742557,961.3091834884792,49.15856776871004,0.14307633017011695,9.391429345900455,-0.03945919075878675,0.1281065776678643,0.4474339665188921,0.025064776673831668,-0.48598118086085207
Germany,2014,13018.963728116061,368558705,45.63009247714517,98.46232467881501,115.54860897112196,0.9131846144825743,0.9621606452289169,-0.34128398644727964,1.1812882793559991,1.5559117840680807,44882.75481903686,50.33948898377686,18.29767877156855,8.99931147534567,1258.5361514846886,81.27742399551205,0.36751700189626235,9.47416232182055,0.2299492610326117,0.16660560510477923,0.44206173010538186,0.6875847734930443,-0.7951131792861723
Germany,2015,11304.184154063894,40201090,36.09979250236397,48.55986741489385,66.30601052553732,1.0328232441473084,0.2091363301839747,0.6611258479146064,1.1711209405574246,1.5442979385897164,23778.345616592334,16.193758059048317,58.309051660912594,49.05952082925958,1728.7580676934385,88.68784631903563,0.40033662575287066,9.332928215284735,0.5474032707645032,0.15796135900712674,0.4345693983950023,0.04548165664746162,-0.4515834255034803
Germany,2016,12585.511700398263,701424516,70.34386246197681,87.94404586856837,88.38929785706496,-1.9067109623658896,0.413362254918773,-1.7755794068984423,1.2544133495074263,1.5606531290413381,40326.9847027091,78.95705955453353,106.69941856934615,14.467256533854645,1098.6560426310573,79.6947387119326,0.21558234907444043,9.440301566289781,0.0940876533970374,0.22666801270296766,0.44510440610498136,0.737293981965877,-0.4162917952855927
Germany,2017,10597.96759711036,1189231838,46.084591738428344,95.26991921099146,140.3487178406452,-0.15205733832059593,-1.643809046140235,-0.15086890640480785,1.2019182575180576,1.6025171333170483,33811.53013016147,30.704857876724745,17.489187088620287,10.865191197562954,1394.916542536487,71.30199604884926,0.3227535553581125,9.268417525594774,0.3328345873449551,0.18391882840791335,0.47157560137303595,0.8446671349659696,-0.8180933385929715
Germany,2018,14674.567877695055,829393821,60.21601313120971,95.4412612117181,93.95112565055007,0.2591922050177155,0.9674116547403021,1.257068652865894,1.2322966929828902,1.6425282659179141,49362.191244248264,263.17703353211766,63.41669082761962,241.72655445980462,1159.0800072739496,74.01976406706122,0.3430887794658789,9.593871198109092,0.14762659327269118,0.2088796583446823,0.4962366803109979,0.6930795719548228,1.261527721710959
Germany,2019,16595.0334645967,1173149342,53.1221204445071,84.75200553267314,110.77815766766479,-0.28375784236774204,-1.9513997108580925,0.4035557181299747,1.3336632319127695,1.6958022724963882,56152.51719802999,17.04240481696551,41.81009958838887,51.7118724281855,1176.385705277414,87.42631024437746,0.4982659249801174,9.716858740698996,0.16244677638060334,0.2879294657821043,0.5281559459602184,0.6819001902206487,-0.487483177155858
Hungary,2010,8698.135644069145,136611423,41.23094630441539,79.3250718853549,10.783088030609349,-0.7099710597937279,-0.9278714286135723,-0.3535280136637522,1.0024317922336339,0.9247850627815688,24429.174197869972,17.54082205231566,131.1258009775344,47.11027683955871,863.5053416132478,53.557917496135516,0.05381140756508687,9.070863987893325,-0.14675519541193388,0.002428840211734222,-0.07819393303100522,-0.13946998800234356,-0.21961078105730125
Hungary,2011,10407.599636946848,464071571,24.340601161677142,57.28755551428842,60.814663557336445,1.2605420737365283,-1.3622228895146478,-1.153080639787243,0.9743913889519261,0.9885712730119499,38038.54550622375,83.13148207455396,227.4195370709704,77.15923036239418,1132.4555240274942,76.56763157463963,-0.0848788567569241,9.250291552594945,0.12438830522196832,-0.025942219348059466,-0.011494536783601673,-0.08541963762292026,0.41101246277678594
Hungary,2012,10238.352582986348,127480901,33.19266599149288,107.2483584919369,51.28539823666521,-0.46147877851865005,-0.013469378986740846,1.457644177074274,0.97848956266897,0.9233538710874225,22642.119552033208,48.49422520058069,23.31107100796922,22.74975881134761,911.7869367683556,76.27581070553822,-0.650707043517857,9.233896005083093,-0.09234893816619012,-0.021745158867208077,-0.07974272566126536,0.15757821519964832,-0.6898076625634841
Hungary,2013,9585.535866397307,899761517,41.76414364253755,100.93308992244023,62.405275936229934,0.6554744776477976,2.082901039000328,-0.30088335244766584,1.0354568756501457,0.9717370072800284,32265.20045744994,499.04616763963145,186.34315890416732,44.415466982968304,907.5419782453239,76.68965871573745,-0.391946035190796,9.168010560687735,-0.09701545689331346,0.034842755066581604,-0.028670079773942935,0.3006357547243399,0.748990588966399
Hungary,2014,9623.431624116543,297225802,37.89466011984985,89.34389151052652,89.91877369644516,-1.0075304533649068,-1.05053417455995,-0.12368860689592723,1.036126558665432,1.0266532020999224,23610.101200194316,125.98772050293204,29.7046683197077,29.723286971066077,1377.7730769273269,64.97245040178797,0.07219321114096744,9.171956197734758,0.32046848336136585,0.03548929725022855,0.026304193393635156,0.39277648504627116,-0.4928496582889804
Hungary,2015,11667.038218310396,753999014,40.38973719419162,83.50151015065468,81.554929399039,0.16937102733647763,0.6097193935669489,-0.22405490150470034,1.0535433706339912,1.0407365627939171,45690.28191211455,630.450188254117,359.3633436019824,86.25299373411858,1053.1971815800237,66.1876155256395,0.05666929716532937,9.364522898580075,0.05183047258252821,0.052159121553299354,0.039928695930009445,0.34039734600122795,1.823648083990927
Hungary,2016,10324.166608455269,868585173,56.479587434637,112.66604354412117,79.95499510991685,0.8725279488705058,1.7685127019145916,-0.09766711037711344,1.1049967956089548,1.02699863641247,40264.28633238178,45.3521686946391,10.89089340081463,37.40480356777242,1350.0420399100528,72.51927066755177,0.332267241642432,9.242242698683421,0.3001357326395905,0.09984243506411311,0.02664060320695151,0.6300261203292505,-0.6387447170544032
Hungary,2017,10907.041025301825,667639196,63.17725187451136,107.79135514970478,115.43400905473918,1.3654141123351788,0.17296374105815043,0.6439044526899033,1.1698483441956102,1.0728625095219395,22158.81520637711,364.7342364732819,61.88547741682275,16.470033605561525,1738.500006903618,75.13484349080036,0.6983587082113255,9.297163825295266,0.5530226764367989,0.1568741200625894,0.07033031892573913,0.9206601720943794,-0.07602445711804418
Hungary,2018,11473.513371519275,58712992,71.82293792704712,92.79304707225066,53.990426165316386,-0.2971341888656549,0.8658815438333884,-0.433586720180954,1.2401032324772487,0.9987268845551371,33298.20472652735,19.714339168390676,56.84168080891395,1.1032915323802084,1431.673769651218,89.42195285724256,0.29427089112257204,9.347796472855705,0.35884422809541844,0.21519462814947143,-0.0012739265448198298,0.5446065142036771,-0.770315221807101
Hungary,2019,10881.024306062978,731805468,40.78074873169791,107.21660184338712,107.62476656134295,-0.0364465014036327,-0.3896908486521425,-0.24951304980431993,1.1895473560848169,1.0957504509413116,35128.272832351366,324.78412985251566,14.009547542324405,45.09523799525545,1577.0941918116691,69.65023917954568,0.19598118504585793,9.294775661756345,0.4555840346764082,0.17357286172529518,0.09143947185337191,0.6173537151085984,-0.11135970513635618
India,2010,4339.044853880891,639987091,44.35006177988935,102.35186513444859,57.17912881302942,0.9068549623005,-0.7532300817838409,0.16107588257193753,0.8577243414677947,1.0746335147578245,13541.064646858953,93.78787782805067,315.389752240667,13.787739626019816,846.1051746480205,41.90383031082771,0.0847588200441994,8.375409523122402,-0.1671116071880762,-0.15347251145632587,0.07197968695003454,0.30043876103472456,0.29953056802244005
India,2011,4902.041087920709,529447087,32.267816760161786,87.71907085121464,38.68346704031135,0.7743990436430916,-0.06956798048481673,0.27184685959234445,0.9778016259814041,1.2082321638570297,18264.2832675995,132.9064784816987,9.56160662106556,51.04036986236128,1482.553863438758,72.94350468124318,0.4486406031106658,8.4974069459217,0.39376618407205427,-0.02244846594124067,0.18915826967012456,-0.018082793849398926,-0.4063480480445417
India,2012,4838.473770546222,278537765,57.58659010704834,91.0473738480745,74.25994850690199,0.22951289463408378,-1.531023787863141,0.8306319431870552,0.9546506545092236,1.1896764809349372,11861.762250151669,223.4770040288437,104.45390857234767,59.53246480299246,1442.5865138204313,80.11316985876712,0.11645891505936329,8.484354613317613,0.3664376925205372,-0.04640981222165881,0.17368140540095783,0.5142813822690828,0.11752446730918131
India,2013,5384.656435091698,399990611,37.035015796018925,98.40759199431834,38.38245494773019,-1.4854483215521328,-0.5431834514815858,-0.006053837304920509,0.9174053171286894,1.1480112392090451,15853.984183145716,149.18422256790817,11.668817537442422,30.72627324903368,1465.69116533819,61.28769833765361,0.08447287407697762,8.591308787200786,0.3823269164271595,-0.08620590096853045,0.138031088101232,0.0774148418058489,-0.5076217489351205
India,2014,4560.119686407184,558704104,36.47975270988423,85.67300303229109,97.06147155084119,0.07212546213405846,-0.7889920884132781,-0.04454804211999545,0.9060164959219592,1.2474189839183034,17107.18399278486,148.35202707340525,59.46147437525164,17.5261703777793,2184.461349513858,83.40209478936735,0.8448073219035739,8.425104149183104,0.7813692761943988,-0.0986977656855298,0.22107660378380592,0.4093779086388676,-0.4377005711082904
India,2015,4875.69537826776,436161425,50.886401517374026,88.68140268946178,55.61202844522759,-0.4109090085719281,0.23296416090519473,1.9141413784145933,0.9397605775019517,1.2273834735577291,12162.486219971806,204.7022114323937,91.97806807850432,99.9253531819489,2098.8279246772045,56.02185500100224,0.5658225231320362,8.492018014955539,0.7413790578101396,-0.062130140946017945,0.20488464628854092,0.3056571621450972,0.3139329338619967
India,2016,5071.2503976384505,322697276,38.49463792814258,89.30089868175041,88.99630653113068,-1.1430523473810226,-0.33804878623899715,0.09503723192232148,0.9370345394534039,1.1940827661043114,14133.139481110778,49.694115798361274,66.50675316906427,11.44192028636023,2241.6497232849806,75.28623507068275,0.8876609126919408,8.531342692930997,0.807212078405346,-0.06503513567986505,0.1773783309133243,0.3931139872497489,-0.6192078278634487
India,2017,5555.365996868694,423245573,55.85198231477707,90.4057426684803,92.3097469007701,0.9862909946472075,-0.17727693599848215,0.796507844894266,0.95808305900672,1.2815050672518802,19807.783547045332,289.91527531186205,9.49970878007219,4.173020617661282,1814.688300971211,66.14460840477726,0.4565996003079479,8.622519585928309,0.5959137179665824,-0.04282080434498994,0.24803522097092512,0.6126664883991026,-0.45732204109558083
India,2018,5163.842376912351,1182327651,41.20503204086102,80.51951632257634,88.7336028057808,0.3962183568548784,0.11650425147510786,0.31458382158786186,0.9273807695425819,1.2886061690375725,19819.959623662166,610.1851051766236,262.98361714525856,39.5266532749883,1970.1858056959486,92.57210353556613,0.1051989841905433,8.549436228052262,0.6781278559144275,-0.07539104312225461,0.25356114510623695,0.38488902605884046,1.1570982542784898
India,2019,6075.548666194397,1055972693,61.003099083096735,55.07722444848991,101.04516436970923,-0.9121654853209265,-0.11312213666030245,0.05404438726465958,1.0705605212757587,1.2602143370791647,15307.250718827387,95.18814543624309,188.78037904510077,4.729378887126363,1612.015406266516,88.61919367285068,0.4246212835874664,8.712027579553503,0.4774852012760592,0.06818236297102159,0.23128181528951447,0.5809350763678445,-0.18055596820841657
Indonesia,2010,5334.884503828372,1190516187,28.304492842995558,107.61883421640357,24.711392776455728,-0.7555383027224732,-0.18812051729154833,1.966594884589248,0.9098839140630708,1.4657515923863231,15924.234576888199,612.9265149049281,124.21498848321313,76.75373879885295,1188.5834537588823,51.47062182207728,-0.09868002789248903,8.582022514734575,0.17276222307183758,-0.09443825457225694,0.38236814325854296,-0.0723512073331074,0.9472857451112773
Indonesia,2011,4831.5548069523875,495252079,43.460522510478995,74.9520212617064,51.66448531996028,0.09110015531360982,0.8632077113888906,-0.9580706312273257,0.8965478495370129,1.5435342928801175,18585.180111404046,8.442757424726729,13.397094213059802,74.51525085018348,2012.1410277005687,66.31541695133693,1.0472271970646791,8.482923601047256,0.6991993430716139,-0.10920361364458517,0.434074782322675,0.13962468528438965,-0.4445034179140329
Indonesia,2012,5492.362889580957,765734758,44.89127317527007,75.86994144711043,46.119133522847164,0.7741803094235791,0.46136668923472135,-0.19546308414362326,0.9980885740414772,1.4404861672983307,18122.9018197991,371.90364682954333,11.58344953873488,41.184972172307596,2159.1490270373947,61.72435635407875,0.6096583174008796,8.611113840739343,0.7697141751057434,-0.0019132550642920812,0.36498067278778773,0.12237757035160879,-0.06698260900626085
Indonesia,2013,5734.066941133267,648455713,54.045067185892265,76.0839635628929,75.02170865244932,0.008641667884812127,-0.04515287750968571,-0.4613587911420018,1.0152055724925442,1.548759608562325,20815.17703715884,49.15049843325989,0.8816195140376267,104.86502316412727,3308.955806623986,83.79590373650935,0.8933719979853816,8.654180320796737,1.1966326733422767,0.015091126461825671,0.43745435801772453,0.41766198570496305,-0.2160436164702596
Indonesia,2014,5819.272920927759,1179927214,47.60329178232257,84.13718201635312,81.46724940345891,-0.7855278767606426,-0.6844211623268607,0.08696172225072774,0.9541313315645643,1.5944049192054521,18871.417994734875,45.00681774218948,154.92768013878216,1.3170415005904403,2009.6833973782852,52.84434835531006,0.9006591858715889,8.668930605245729,0.6979771959222454,-0.04695395289488605,0.4665005752136528,0.4226120520058927,-0.3997827599631406
Indonesia,2015,5867.167544278116,575207621,39.66204060340792,90.10810590564556,64.29488866738843,0.6745394480181353,-1.2325875970112656,0.23913452206732067,0.9487166631249324,1.5411927078000816,22780.64974933714,15.96835767789207,65.78421687190502,4.483862059698161,2282.682098006697,64.68797931560415,0.6991986073423102,8.677127265579324,0.8253511103733775,-0.052645088570870836,0.4325566022508089,0.24477237242731187,-0.7242129338991754
Indonesia,2016,7667.726461425512,174997226,72.9392700572799,78.27161418270015,99.61346588654851,0.44346400370591255,0.18453784190450057,0.9570715882961975,1.0306903161379934,1.667331319388953,21149.507449093482,15.775030038825744,137.4850272803849,22.646099906842824,2273.9517388811028,76.32125930573689,0.32221225409664234,8.944775430788704,0.8215191720957026,0.030228787593938034,0.5112243359031133,0.8006578323080173,-0.36445085962172186
Indonesia,2017,7000.533954649422,358080255,45.32277856747299,84.68767921479117,100.72398537305828,0.1947191331204314,-0.6575134172344321,1.2603013195484323,1.0975531181391778,1.55823201465476,14105.837845954704,278.3920710433523,9.592597615576569,4.536857136725664,2970.996353367847,82.26165196430975,0.7753185346511704,8.85374170436397,1.0888973690707127,0.0930832640116368,0.4435518546249782,0.527944994409496,-0.4737921752976533
Indonesia,2018,5731.2929036995965,1196295514,84.59531228996823,79.70889626081282,64.85235050037261,0.4577939361498195,-1.4748379339669677,-0.5420092365534134,1.032992504335782,1.6363620317489587,12447.063852749632,5.7019235913588036,200.97323559311505,46.12654468866501,2343.7764999967944,65.04954150052119,0.6167432011689769,8.65369642190035,0.851763517337963,0.03245993390186426,0.49247550449945476,0.704417318755518,-0.013075710779585137
Indonesia,2019,5933.32930288703,1302145173,60.96408502207068,102.5837028785372,112.87597491870913,0.4092109615353531,0.11332535791282057,-0.3177554479336591,0.9891073400694217,1.5957975473854116,18012.14686247761,189.35677260323055,303.0193043590538,163.44062699938692,2699.5377894523986,78.82441601670034,0.7436948184787312,8.688340768323133,0.9930805692640541,-0.010952419306014816,0.4673736409723335,0.8573173172527511,1.4152631488648098
Ireland,2010,2914.1188344356265,215855435,24.39551190205627,58.90249059481651,70.42444578438266,0.914071378232092,0.01602983269304936,-0.9592937009161843,1.0393571631998695,1.0776462627921763,9639.353931496411,201.05900024393782,101.53195131357778,19.909169506155273,969.2125603688168,55.15010275738276,0.21129299427896256,7.977322766443766,-0.031271330601642916,0.03860240973529515,0.07477927651411301,-0.014015407269532765,-0.193734031840476
Ireland,2011,2358.915951018623,288904559,48.759202885453895,109.46431433134848,34.60479629237073,-0.5155646119061731,-0.5409973578908923,0.718844224114093,1.0301395646983398,1.1290586430231355,7307.707109151288,23.668672033132797,84.31887395837161,7.872337802366639,1893.4360782252013,65.7681972933082,1.2217725469388765,7.76595744970072,0.638393209260808,0.029694292769414175,0.12138422626598132,0.22856887261257786,-0.6270070480677623
Ireland,2012,2792.9379548955885,854959839,46.563855860308834,72.67170870874469,5.209337554210414,-0.60057969461209,1.3141282347489873,1.0121279563906616,1.0163707914930105,1.1580685216414695,9779.954496929848,229.09782496041183,16.954823727864618,97.782037852855,1041.5647308458615,63.06596908936026,0.3941795871889931,7.9348493511963145,0.04072413134383773,0.01623823483431358,0.14675354980214583,-0.14509612045984055,0.09022603971260179
Ireland,2013,3602.7968573256276,830120758,50.69270109070172,68.45485998463371,80.09723784948086,-0.8144940892149486,0.42497858287406515,0.09103965227223715,1.0746427359402113,1.1541190201681413,9129.009137665877,60.806265425563886,222.83165599206032,240.4555953237721,1397.085348295126,88.50943482686692,0.5521968823040322,8.189465727622549,0.3343881723922898,0.07198826768262645,0.14333729982842788,0.382462403273643,1.4471532645079548
Ireland,2014,3228.9250267636235,664465371,26.00050665915655,109.14859325912542,56.36770894939133,-0.04264229519292351,-0.024595065808423855,-0.4672234665776063,1.0767384623514535,1.1258914069142825,11396.32439304543,150.56347612133942,1.0760525611615501,4.692643077418523,1169.984489615556,75.17998694414048,0.16548851550783464,8.07990455177197,0.15699049198295234,0.07393652964178685,0.11857508360516103,0.11946505001070418,-0.7141897440777722
Ireland,2015,3006.257151969863,277697923,60.4523215169656,87.06566503788467,80.18575283069816,1.2688030647678934,0.17758622214101694,1.1069762889543993,1.0979721332303551,1.2456446650922495,8669.450830758287,178.73017055863855,29.498621203113483,34.273817915091854,1355.2103920606817,91.27401339464686,0.2770374821983933,8.008451112884876,0.30395671317187883,0.0934649631936466,0.2196531991897563,0.5690377511621252,-0.37529552562461177
Ireland,2016,3105.473190954749,213177528,71.3102467155807,104.29171358926847,73.31758533239383,-1.2382662661919293,-0.21228808665140364,-0.3700171071542604,1.2777230379739923,1.147596117618741,10005.5779751179,222.38744695619147,87.07960253513686,19.78284082837822,1647.0733265637136,88.60327204779693,0.1359841165871935,8.040921379199174,0.49899997149390374,0.24507961726889177,0.13766942207538105,0.7156687834554745,-0.20720330776670315
Ireland,2017,4210.927423036629,547484671,52.18664169723996,108.80871029475114,73.665739493797,-0.42507706677508117,-1.6357826104038566,-0.9803134395752866,1.2005525581706715,1.1735882857698845,12342.228253078572,60.356645293017074,31.237665807549604,47.088871713109214,1659.8530988671798,85.01928283078813,0.38038320899709666,8.345438192923549,0.5067291037942432,0.18278191595463986,0.16006596634648287,0.5243261306005538,-0.4813542270657448
Ireland,2018,3397.4643969192325,1224877592,45.59050861329542,100.09433632295084,88.003308390091,0.8732668955019778,0.38945483771942674,0.11128939180927351,1.1686264404046092,1.2247482074243505,8528.902974021068,248.63057520384356,51.31565949955208,39.03352360800113,1581.4928278882985,75.65148847228498,0.050890210289828264,8.130784666770754,0.4583692287474651,0.15582907659215928,0.20273527790971602,0.5103096640939622,-0.15434001894174632
Ireland,2019,3420.555175263285,88424716,59.0085029727593,92.3972900422873,104.70606566126281,-0.7473912513183679,-0.7228275572610179,-0.06061718116785954,1.2878524145363741,1.1781779764848548,11553.930802325776,9.127407238207395,35.714535038527025,11.851461847715198,1908.67387849931,75.61673273039057,0.4987345698373412,8.137558148830575,0.6464086964669571,0.25297603612951347,0.1639691574208588,0.7386791792819416,-0.7867294588231296
Israel,2010,3676.449353474215,48384741,30.04132882654866,83.8473796766531,58.70507914342127,0.6165590256758107,1.014098848643124,-0.6857411230219439,0.9636336737168776,1.1708697194946656,7358.962031005915,101.43663144017434,28.175872038937328,37.22671763572027,1014.9549963883964,42.746457379922965,-0.07217545920400643,8.209702715796583,0.014844272977169087,-0.03704406311012687,0.15774682265733866,0.07452381879273706,-0.48884125656511657
Israel,2011,2795.8184175420784,1029377541,27.77587568568977,74.93767513336695,69.78652051349806,0.7755278325985643,0.9905282411918798,-0.5320493762892985,1.0123475794465784,1.1381082882694933,6129.501973968675,281.10328573370083,69.60898373737517,12.636315015801552,655.3360057355385,55.15857706529591,-0.3537690796858355,7.935880157590292,-0.4226071890233644,0.012271969848257805,0.12936748782860802,0.08610462409779118,-0.21522247788057092
Israel,2012,3413.0776137431076,53016922,41.913207288524845,68.75975205887667,49.555230409149864,0.6066824261152525,0.10543874160865596,-1.0348038874707006,0.9447754814684375,1.1652515586411603,8012.383238438268,481.62267707537893,37.757821300899735,0.5509736283787114,1276.8498275578459,68.35119943151665,0.8483699087332429,8.135369689270208,0.24439597229486287,-0.05680796546404444,0.15293699387218745,0.08256947284548355,-0.06776297634884465
Israel,2013,3296.0324962113373,710620614,32.33249149793144,83.70153559612679,48.51738557321047,0.5501219876072103,0.4368894647139578,0.19411541705908963,1.1035313384302257,1.2107624678914324,12734.515684105701,353.503305786681,208.88085469306984,61.967454178304926,1187.9754861967538,68.57316903772524,0.3968947520077847,8.10047475026818,0.17225058621304162,0.09851534543258975,0.1912502999078401,0.031455541004502985,0.6985580531434008
Israel,2014,3227.5944962385443,1358806419,42.51832098992847,78.6459623555596,59.4698660696777,1.5777567615550512,-0.15139655725471335,2.425409932088508,0.9980952742593225,1.2369938326116732,6539.063513798684,14.40104102564051,13.59744671875864,40.443881667916244,1063.67764730534,74.55193351756016,-0.13917204646367792,8.079492400754948,0.061732381957983,-0.0019065420374823894,0.21268410763532947,0.196583072389666,-0.6610475647752954
Israel,2015,3449.840582475472,1107117680,47.39149284633461,94.05728079165299,56.82004610972565,-0.6211795265186911,2.1374107038053483,-0.21078180014322834,1.0721360214120483,1.2204432168679813,7589.178785097036,5.3504369657447794,239.22450220313868,31.85842189093979,950.8476016829251,68.01778540267428,0.48261447426074733,8.14608330097966,-0.050401479874538774,0.06965294024487519,0.19921408528515666,0.2972777867671095,0.0187218815596355
Israel,2016,3422.071882983888,415588162,51.40440443501545,78.85910803834132,67.60714033971976,0.781332295982504,0.03145045281943705,0.6214461590921173,1.1073250857200114,1.262293132921583,13492.26457517915,352.8403159962053,26.290731183344533,34.49794368930002,1071.2653662149137,86.63087518045356,-0.12461755697293868,8.138001460363567,0.0688405350182602,0.10194727431946815,0.23293001363004495,0.3504539350358369,-0.0943107447998427
Israel,2017,3430.7155655503284,484406251,43.879458338170366,102.47375921909368,98.8018283035079,-0.28584404821345255,-1.0896406646821217,-1.1376414129121062,1.1375098472322722,1.2129069573452802,8156.724537797281,86.97717662527845,169.2048874384747,8.155883315390005,1178.8956010590546,81.86253836225006,-0.28483386370280506,8.140524138095897,0.16457806891450893,0.12884152871298965,0.1930199224406426,0.5732023891937248,-0.2366491920603534
Israel,2018,3745.749801033115,1335842790,64.24756733750772,89.72597414454286,78.52660618283161,-0.2742757223278694,0.3837524244780243,0.25635961107683025,1.1107656898483353,1.2135842668728427,8197.422594066946,176.51567408969996,36.69833138999717,52.2022010665102,944.6273526897879,78.51654462134981,-0.11889849256035709,8.228377089805216,-0.05696476503719525,0.10504958818839194,0.1935781849543439,0.6112307927934475,-0.23546476477377476
Israel,2019,3688.3578923226587,148255373,61.663287721704165,78.2461238955058,119.16525650961,0.06829710528207049,-1.329203935790808,-1.47529636093402,1.1463635274218409,1.2359948609796787,7572.044589204864,339.802979078436,50.42083097766207,23.355467834089193,1267.9422569178898,81.0802119227002,0.5424884307411836,8.212936622355015,0.23739531626982682,0.13659478214595902,0.2118762012434239,0.8056082009809427,-0.10988914604980515
Italy,2010,7222.376929117742,136572697,35.45793759849953,96.45991260804301,64.82563533970043,0.20763341245723074,0.20659694959778152,0.38809804709566476,1.054226113303962,1.008212744670446,24667.030414514273,40.86256258100063,104.67989831435662,1.651625852670589,578.646419017211,51.56190021475277,-0.6924828916844508,8.884939392266894,-0.5470636632197526,0.052806955862555655,0.008179203600626631,0.22806428922595456,-0.571951895632673
Italy,2011,8358.645638922202,120695139,18.948356393230398,96.49194521506159,47.59258780677786,-0.7012518593465575,-0.2699438032849397,0.0859589621578531,1.0377188773080355,1.0269237401407043,21604.394572085872,2.1024840130022655,31.979424637606336,35.482169593781144,508.00620260653096,66.30519528587595,-0.6906815018791793,9.031051688040922,-0.6772616216228189,0.037024916952536326,0.02656767321441248,-0.07012901630060886,-0.6533499805611007
Italy,2012,8707.870163275207,736062324,32.869577140737945,71.72253596384422,81.62900939257064,-0.9055891520615689,0.7688747888961731,-1.6879605175039776,1.0081883851915059,0.9227502246680143,23621.273095729543,732.8733325415453,55.29455376235105,2.3895154851086806,965.69614526075,62.00279943710236,-0.04658480381562977,9.071982512192204,-0.03490604367017758,0.008155042258341617,-0.08039669359547871,0.20825481958579917,0.42170083667780367
Italy,2013,8076.801164003761,163422931,49.09099803734006,65.61684131115476,86.46515663578315,0.2218753437761719,-0.3957987444205697,0.443162804796259,1.0978992782937402,1.0525563021776478,16740.06978204866,141.56608470575836,342.7733607707775,132.20295097697633,1042.3066963106905,75.20372393931358,-0.18071851185569845,8.996751177583722,0.04143623429463744,0.09339860690679003,0.05122177889914448,0.39529341678325536,1.259874350258698
Italy,2014,8335.92693577443,724944057,62.617991527316086,102.09130632697271,89.51979899631682,-0.8071727820706025,-0.35512130913500495,-0.4049354133538672,1.067814319273825,1.026990408801631,23995.333495907358,618.3173734371953,168.38342772927476,48.99014190976191,844.640887844204,70.258254377788,-0.0037676038462459704,9.028329999052437,-0.16884372675635573,0.06561386706504505,0.02663259185863593,0.7179345644191217,0.9184079942246539
Italy,2015,9689.356598332603,284546225,56.35274731653189,101.608367713648,42.87486363409236,0.728081195951817,0.2271248009403788,0.4681980250870848,1.1533938371572618,1.0276089932254893,36393.04666871024,84.02521148361433,12.30862738084918,3.747274082201768,835.5680767047644,68.26148311819439,-0.3806419831322818,9.178783304159445,-0.1796434540688151,0.14270875898849125,0.027234737894440537,0.3353422598845033,-0.7939473957098004
Italy,2016,9036.256876341857,90599496,48.56205653089152,87.77945012141448,75.06352408976828,0.6112915244014318,1.350042431589311,0.6257025912757921,1.1144808157975943,0.9856235236503789,24258.17630487233,17.403350288716027,94.78285095186084,46.52382427715933,810.9563754516283,75.67632760623229,-0.3287860178507558,9.109000305287172,-0.20954101737192643,0.10838866041398008,-0.014480819147626174,0.40574960866981,-0.34489275116487494
Italy,2017,9763.426421591912,1101714610,55.20322829776129,106.3850642995549,68.88563666774417,-0.8156676065339545,0.13248972018612135,-0.044756345636214584,1.1513395027747264,1.0248793512776215,31169.532052733124,240.72600575409274,9.172055495867859,19.01337140113614,945.5757639990951,83.15507969301757,-0.036478336682146964,9.186398685583319,-0.05596126294736975,0.140926049560891,0.024574899591855128,0.5158778823415655,-0.44146066274937834
Italy,2018,8302.260495136954,896229831,57.031018849503305,97.8704591647702,84.89671649957091,-0.4865983577592936,0.5001695444635724,-0.22337673536934696,1.186159990362901,1.065012529777638,32172.343009320895,1064.5799334717587,183.10387374242774,114.1986978480889,784.3084025975985,81.2190370701209,-0.32790196398743293,9.024283105516165,-0.24295296532148114,0.1707211906030138,0.06298656414160615,0.6074496770670521,2.145970787248283
Italy,2019,11617.944755796243,2388456,61.26123946819426,97.64865561198776,84.98763708022693,-1.3812853448990228,-0.6365430733364692,-0.8376733766131637,1.2105878673209447,1.0533958493155646,36069.83226981939,97.6826217066774,68.46224120786198,39.799410926519464,1038.610568506246,93.01091837414293,0.015840229622514707,9.360306143488344,0.03788382809963482,0.19110608238735075,0.05201908778557536,0.654134084120287,-0.3436587536192014
Japan,2010,1034.942514013321,1389736386,17.523722008562075,90.64492798456814,83.42242457126494,-1.756146997217767,-1.6179576448347834,0.10352762951669517,1.0040679853659118,1.170469152276486,3759.650310075005,71.28137049566463,64.01531300609663,166.66854595038774,689.2554895040404,48.94164817847882,-0.8268508411040097,6.9421011621408395,-0.3721432646499683,0.004059733484893975,0.1574046532884215,0.12854471939482326,0.4433103005156813
Japan,2011,1246.1915969688716,4466624,33.079940295488136,80.26997507788995,76.28624372494365,0.3046634022701385,0.42007677917807806,1.501709180265314,0.9881396070447749,1.1502129233350133,4255.164062373713,174.23612436130148,63.23349989512198,111.56466703474621,677.8473739005193,46.94944020996076,-0.0203148181241119,7.127847457163998,-0.38883312862442726,-0.011931288539654451,0.13994707596297692,0.21058807982958938,0.2449363204842172
Japan,2012,1169.2541870776085,1119377770,29.486257099324476,85.50254456990211,54.31801989278434,-0.29875437307961206,0.884805033202229,-0.26313589626670175,0.9948084637836773,1.1134590023440099,4297.283427834997,209.709251134121,5.7227774607041475,53.78354497545254,931.2331831284899,75.78592863664964,0.08661503760023218,7.064121377593904,-0.07124556783693653,-0.005205059063671075,0.10747138830733788,0.046005813874537616,-0.2728516900711009
Japan,2013,1007.5478557120936,708844221,46.21225372799792,107.92698751320958,48.07795727645338,0.6177691818820039,0.08145649048263891,-1.1301128180809774,1.0199987494904246,1.193600915919972,2680.126350170158,53.95195122416481,48.46171960055731,236.55694283172383,663.9161192915043,55.18836068509226,0.1726606179007933,6.915274792158872,-0.4095994638537673,0.019801401305648336,0.1769747178262909,0.2836849823480394,0.8285052695869579
Japan,2014,1379.7418489997056,750909087,51.36400417014647,64.82050081706863,63.93596766579005,-1.7100004768644703,-0.1782577406057691,0.910365415520039,1.1648151325534222,1.1151282843227321,4150.07849822916,34.12090345953908,239.5231040785215,18.261001217984614,857.5728675629897,67.01062450038054,0.2726736546184158,7.229651694709992,-0.15364912680251935,0.15256238992244572,0.10896945149821397,0.2670363619557916,-0.022981472519132407
Japan,2015,1400.2552768614837,1296253208,52.32908557437535,93.98292973674708,76.79017999527628,-0.22561158554816774,0.19316172768194345,1.1526500784034106,1.1297457595678013,1.2239450390266708,3519.334098553366,43.486279268864024,50.14380144029001,33.44537604336319,976.2169874853894,85.03476290877664,0.3003420441451764,7.244409839596666,-0.024070394035967557,0.12199261587693794,0.20207928032598754,0.4849643580313474,-0.5374076894618387
Japan,2016,1329.9210937482512,624216360,54.35843338265932,74.14274367967467,83.23049304307693,-0.8292983193316804,0.40856635937081115,-1.1150681216277005,1.0879797124929191,1.1954744862754125,2777.931990830098,190.16446532898567,49.148989970653545,43.095004759348754,1066.0108314170157,88.75722967494193,0.46056425471952983,7.19287489144699,0.06392348649598678,0.08432250165412794,0.17854316622085004,0.46778064542648323,-0.23192922615385358
Japan,2017,1336.8240561373855,1125631953,57.56818526720138,83.08948389011302,85.80672811109382,1.254565157651066,0.3077786516681873,-1.0588706411211113,1.1027814673668197,1.2141524241148252,4318.006889953683,25.055845357264918,59.01344484314915,44.568409816525,969.8747042262454,79.87836099889417,-0.026814836023215806,7.19805197243449,-0.03058838672876578,0.09783559495449858,0.19404624003994195,0.5578975399183339,-0.46440604281722797
Japan,2018,1486.3902753947746,478443199,40.64279490695431,110.06284382624636,83.30135925452785,-0.12322665326069322,0.3236361544689254,-0.21311766015400702,1.1416198330501754,1.2416075243054592,3536.919578249283,165.84049984025023,58.43264708518383,90.5953635402958,1297.316190729395,100.0,0.4016727991986272,7.304105825650373,0.2602976618448591,0.13244816005881602,0.2164069305971556,0.4655241877168157,0.07514541361966853
Japan,2019,1408.457342185387,785353324,67.33809441398977,72.43850561528892,113.53711827153083,0.4649590495954019,-0.6610745414631266,0.5741804870000508,1.12994552946117,1.213572685544438,4946.157763923057,144.42934037138826,107.12789248366215,2.8809754601664053,1231.0296444120434,74.43945207131962,-0.14755446461684618,7.250250300869432,0.20785092848185105,0.12216942754573454,0.1935686418315613,0.8069422775849067,-0.38298495470103633
Kenya,2010,20462.760024841507,345175948,33.63263079247531,78.91381491754184,37.83265008191963,-1.0700349546343153,0.5160133514520483,1.6436360756966217,1.1652877689575776,1.390096971169949,46188.071658045366,39.49466219322404,27.96187331681675,83.6476640256136,723.9695543933294,59.38334680793459,-0.08751965281716817,9.926361928982477,-0.3230059394235436,0.15296806849598069,0.32937350814086325,-0.04527887293660804,-0.28331822511781357
Kenya,2011,17307.77432387496,951551715,27.529952791550052,81.2561453817709,81.94646483227118,1.994191093310815,-0.34204358506361615,-0.4569087314877899,1.297644437455955,1.38223046950835,51474.89561748349,66.67620103970411,55.01974039748574,5.798672942805086,1027.227298689332,76.96091569244743,-0.21303399726202263,9.758911062426568,0.026863229427270603,0.2605506496742276,0.32369847664311874,0.19076540232307604,-0.6668160439901734
Kenya,2012,17023.048576224133,397541032,44.061002168001366,59.28334288343294,89.36163645330595,-0.4635520684653595,-0.370755690900317,-1.4821822893522225,1.3570042797262598,1.4496865967025359,53590.44667319398,371.18134795443217,195.88859203711343,66.39570840422789,1232.0899535417961,77.91593614182567,0.22975253219422745,9.742323503374744,0.20871187668438923,0.30527953466224655,0.37134739286567486,0.33232486245858106,0.7142356094092843
Kenya,2013,19432.880686972407,419876681,30.16574843912364,101.78112329035613,63.72258829751015,0.5814982909571389,0.9524805430943349,-0.5222370350766357,1.2377334822640063,1.415454226207579,63673.27253341514,381.650650818869,97.80976217787713,5.013456328550323,927.552324308826,67.28550168512207,-0.26347924410594664,9.874721791133634,-0.0752060717426379,0.21328187020085437,0.34745048750373253,0.18408025168348097,-0.004459999185292385
Kenya,2014,23269.849399092836,924344025,26.44160588335065,112.97164088122408,68.1936197948974,-0.3144423500688237,1.0939212221907375,0.04132137155785212,1.2222040138264152,1.4257848182390298,80268.7041130449,431.90280786950376,61.37041021527803,74.70383510023487,866.6790552938669,74.56694499043086,-0.5469049475264895,10.05491378438424,-0.1430865491729933,0.20065579757279062,0.354722411755117,0.21913492323053463,0.42243161450166533
Kenya,2015,22106.013293465967,811235306,64.15434691572861,76.39594522356148,75.0861528468632,0.25179704447167023,-0.1350740681623729,-1.2655620139503194,1.328637302742107,1.4449002715535986,77429.05909921094,520.8112103110423,5.1118853040079415,21.457782425312907,1398.9322831846675,63.99434666969849,0.26585407594927013,10.003604945221754,0.3357092907839456,0.2841538325838278,0.36804030295678286,0.5317168675853565,0.028110184367182933
Kenya,2016,22249.263207991247,1167201634,28.674109790593896,71.58474608138796,119.47042873627342,-0.5066033618188753,0.4492329236957159,0.10941929385335925,1.2982499117445538,1.4672695284177277,86321.44940612107,33.657933602753815,1.7981871053801266,34.55885943316054,876.5036640767187,67.4982788031929,0.038336817826258446,10.010064172798513,-0.1318143942796498,0.26101713576197233,0.3834032099044389,0.41334052014309375,-0.7075170907564063
Kenya,2017,22562.035843009344,718061524,58.18347886894163,92.71589053388279,46.224947459929496,-0.5594016785312373,-0.13252038054721715,-0.8496370070772438,1.2548932253162721,1.578376545444069,88453.37874889238,14.318421830193031,38.20102994750687,70.55534794235034,1375.2253350233213,80.49525927218578,0.7236686130872363,10.024023942808642,0.3186175977086326,0.2270504895350221,0.4563968159124086,0.3409656255011708,-0.37843021084231987
Kenya,2018,20397.277927076797,22515413,52.214280321061466,104.95418845963324,87.15920783534119,0.06448622049641728,-0.6254321837866624,-0.6885464345316205,1.3036651954535277,1.49671555154719,48064.42541443908,303.8307912952516,155.0809276823182,41.370437804637,1146.5493509621494,88.44942062544622,0.06711916012711597,9.923156735981857,0.13675686727572314,0.2651796785852195,0.40327307505633564,0.5985291743847627,0.29912399646405996
Kenya,2019,22604.316580918625,1387427428,66.11228005190648,96.4883312608102,122.73985459817676,-0.5886015922002558,0.5610806706758609,2.2762355159261114,1.413196687273882,1.5196721569325575,79952.23595888283,107.13989607010154,129.15270447032975,24.204734919788894,1577.9435456451627,87.70994715424948,0.7366550742002808,10.025896166178052,0.45612244589344564,0.345854292368972,0.41849462536598464,0.954881300373515,-0.22955959218347222
Malaysia,2010,15674.624502655719,599511518,57.996972218373095,74.49981809524216,16.664841340195252,-0.22562323823195576,-0.5054525512662246,-0.1423660445965492,0.8713476933020037,1.0489633078156169,52746.98593064081,120.84273041974076,63.44716857410199,43.275024914965954,727.6619253905035,57.72579369244343,-0.12837731708332484,9.659798410040713,-0.3179187268469035,-0.13771419314816563,0.04780235055227988,0.06592565342451184,-0.2986047212869858
Malaysia,2011,15189.71850844015,369122328,28.558785456344847,93.39077813246115,61.06096565865434,0.3569128033981397,0.7420366218508345,0.6003388435228615,0.9541665925285335,1.1285857445818124,32853.61374623418,124.36365016995077,51.08528344438514,10.286726547573217,761.5133521929862,49.56101088308667,-0.8084655508858454,9.628374064044849,-0.2724475727323723,-0.04691699748710822,0.1209652954096997,0.11352118501344877,-0.5538647945849768
Malaysia,2012,19625.927086451495,308626169,40.599002663077705,82.9324951672037,22.28476778857744,1.0813450982880857,1.4599032142456922,-0.9725250947775694,1.0174826282086187,1.0952303529000935,55435.814697426795,89.72842960041844,57.37709472753153,7.803034577388444,961.7216579765611,66.42622523078705,-0.3109595247882554,9.884606781608793,-0.03903020700510641,0.017331565175224786,0.0909647090895215,-0.05478278862304942,-0.6071754043916078
Malaysia,2013,17117.74939003596,590766124,46.222017089664575,63.84285552331359,61.57534511815348,-0.2552845924423797,-0.5989996991847341,-0.17652485859302622,0.995061081816821,1.1918611942607535,52146.41486190884,303.2083104189351,121.5431143996138,91.20433177991974,1327.2946240379586,78.82916206461762,0.17070600752720505,9.747871180191611,0.28314275334268246,-0.004951154947133066,0.17551611409476617,0.19009216646443616,0.5185197772297361
Malaysia,2014,18610.276492267,357426621,44.67540286126554,83.42698205509889,59.462936080256455,-0.5856063463245715,-0.05024537851516439,0.1466737711987368,0.973522825173225,1.145783238065076,67737.13060245528,144.53348537674958,66.85220935980955,136.50824911998143,578.0285777875478,68.99691741763687,-0.4271190962349742,9.83146920671384,-0.5481319689929917,-0.026834007939123692,0.13608845386201174,0.24042536422312755,0.3737848342938239
Malaysia,2015,18567.79961599768,245699098,42.44176865757418,102.8135979086525,79.62019954511028,-0.14226058023095167,-0.6198175964626882,1.144879332471438,1.1267718122762616,1.1534215408335737,57063.122287144804,144.8984729539097,16.690042248043927,29.32975582767703,1244.4064870582001,80.78154916864521,0.11994259741409617,9.829184155995872,0.218658699028561,0.11935674097791449,0.14273277796857742,0.430766528893167,-0.507337365398824
Malaysia,2016,18743.47452040514,485055213,50.960330770426175,119.7569485076563,81.71998130010431,0.6930929879880319,-0.6487111550468709,0.4728852115444454,1.0583837643526268,1.1247628373992604,44642.65080301083,64.3720775591429,84.81554918153338,14.215905180032252,1050.5228081438331,64.46192480453142,0.022909729944092894,9.838600945245208,0.049287952770062135,0.05674299389806818,0.11757220223192151,0.6100130582317762,-0.5152220055961023
Malaysia,2017,16128.51386853101,66040933,46.91826824011046,99.92216906719136,60.70663345382877,-0.8740434163067301,0.3338966424254634,1.3313866011981106,1.1024015603202926,1.144055686318453,45029.756015817686,556.3684005937697,107.28701828126643,7.22649187595859,1058.89244130788,86.62857920182391,0.06032416413426082,9.6883440322516,0.0572234951795544,0.09749103666113625,0.13457956862472126,0.3423673523622721,0.3330806744335615
Malaysia,2018,18892.98083490672,831082835,58.01748919319746,79.15233026868057,96.39108013446723,1.1252924269205156,0.258975116463252,0.9886263143953132,1.0674687904521662,1.1533803387832282,39855.653992166706,164.8452164408783,46.743522260434496,181.12181428086024,1197.7020327257767,84.56143340244168,-0.20320824217208092,9.846545747671,0.18040474816098054,0.06529022958287628,0.14269705574144204,0.6170473458292556,0.6380325301419802
Malaysia,2019,19719.22170765798,760278910,42.864826763473474,62.90377826438904,73.87307072993084,0.5138537172003957,0.5300209038250242,-1.2178513844864478,1.1178845960014434,1.1820835487650283,39995.573540550475,43.70246510676311,40.83504036542777,105.73036688058176,1031.1554155471965,70.81772730481607,-0.33397092145059537,9.889349160220474,0.030679936203113156,0.11143814579267902,0.16727860072026612,0.230862067228643,-0.08617664440009065
Mexico,2010,2708.018904560715,592897854,7.630745012739787,76.33836922216848,43.672691536771126,0.25846660635032054,-0.25289989757478976,-0.8812974636594095,0.9378708501241055,1.030080957012842,8385.455505864566,262.3838132461898,31.56957973506994,15.164876615860875,2518.9114253056396,60.1251375942153,0.5276998900572625,7.903972615012494,0.9238268341105855,-0.0641430258904152,0.029637398194395793,-0.3059861289653817,-0.35636253470037804
Mexico,2011,1880.9864355906027,907049239,22.43734591709332,93.32877663964152,62.02619351975835,0.054480770750175045,1.1843624271445483,0.09214470652223206,0.9451053881115873,1.0109426430594144,5816.534829236277,89.05318891272654,210.19784771813633,3.4749850924941232,4266.656222581872,54.621767412223505,1.2241682187999334,7.539551617999432,1.450830434422092,-0.056458835895285706,0.010883205550046217,0.051681702986821065,-0.1277519588017072
Mexico,2012,2201.004409123197,1267355666,35.445466251920855,83.39857631843346,45.46011255185306,0.020769690746804015,-1.6022509908206637,-0.6078943402759321,0.9863716398891309,1.108654746773076,7347.117485387529,200.0355413841662,56.49180379856927,43.56990268389638,4322.197792987798,59.710546450672254,0.8727595116727712,7.696669084760801,1.463764021264244,-0.013722078671509257,0.10314734048716948,0.04439999891605839,-0.18783540047184955
Mexico,2013,2580.538210805811,292657480,36.60528934883676,73.93775057637562,45.104537619427106,0.1755221358031246,0.18767646471474966,1.3606342067426533,1.0022127167835386,1.0935393938326632,9858.118780317196,211.19484142521787,14.13366702032062,42.95281012711629,3344.7230565535515,71.9610058962327,1.0708486966835074,7.8557532649993265,1.2073838968951076,0.002210272331013216,0.08941958593860856,0.015496315407043104,-0.31454430670945965
Mexico,2014,2480.365441580073,167169195,39.443602949522045,82.63704837168197,42.644922024058815,0.3519391733501314,0.9573022951896081,-0.7264499458633201,0.9535071444526908,1.1131198488228438,7640.2297473890185,51.805309487860775,99.44861877161574,25.800592072241862,4418.063355953555,61.658888604702895,1.583924773869384,7.816161183779112,1.485701445310122,-0.04760836109853302,0.10716674737929575,0.06688277003708953,-0.4101584744665673
Mexico,2015,2494.6841070393816,208558065,42.54279226337801,80.25594435607753,49.93389475309674,1.1438299619763346,-0.2460222117736125,-0.2544219470456554,0.9496718543773667,1.0763182900123276,8276.159375565705,73.25211180114209,98.60698928108728,28.073679979053466,4104.87173045393,66.61980819574315,1.7156726193793232,7.821917389764788,1.4121744952673292,-0.05163877050242894,0.07354622655850897,0.13999009165294596,-0.3620653162007824
Mexico,2016,2458.664796658808,870892875,49.70955352187505,90.30439443692923,110.17439246645156,0.15630473275103887,0.2894503556839863,-1.0852798807512911,1.0317795164815855,1.1326029528158776,9171.72179919481,509.62010029165106,389.58975354247076,49.84156604236685,5791.646326246922,69.12609977997546,2.273265555772377,7.807373715989997,1.7564165907616591,0.03128499741346893,0.1245184818068988,0.6630926323954938,1.4802764525767667
Mexico,2017,2605.0284856371327,893470033,38.75696589957738,87.07536695618582,96.7451532348968,-0.01407834340451051,-0.5545495569139564,-0.1390099114897282,0.9897801909247618,1.1149861653575535,7863.5406186634145,93.10232837883312,66.4042350183049,76.45564532667606,3975.741377796369,79.4883161930945,1.4391296223559498,7.865198889113144,1.3802112408528933,-0.010272389874598345,0.10884199708403217,0.4384146716565016,-0.1137777004630881
Mexico,2018,2265.3052054797618,1023863988,48.3381072514,93.34479620885345,91.2202971082841,-0.4332802411471368,0.45767657887878554,0.3005842380898854,0.9771127526677502,1.1268541526517113,5663.203001363063,24.067919502297165,22.87616053123077,2.9576649464888787,5037.3894887742645,80.12617193733732,1.5673075983131306,7.725464777395549,1.6168879893198616,-0.023153226568806168,0.11942981466162939,0.5341620454965612,-0.8639151660821429
Mexico,2019,2698.904927170831,443902923,67.63508928451526,88.21888145895808,82.4318444260627,-0.07519901938302784,-1.7722240924827766,-0.1756751914070078,1.1180377799718932,1.139919162168962,7579.3591893518815,105.10484445219299,88.66630167595679,94.18958724957524,6336.4731621351575,85.3970705717698,1.919804098204466,7.900601387192259,1.8463223300911256,0.11157516662339811,0.1309573495140409,0.668625294302913,0.09865966133734605
Netherlands,2010,2414.6369545395855,555507407,30.77856724267304,74.44080419690206,70.52379336213727,-0.35305159511654616,0.603714893738087,1.8212309516344718,0.8842558868794618,0.8533384368052354,5475.989232992844,35.00392173162831,52.0421400001254,60.683550962759206,1843.6988605192626,52.346444848796956,0.8699590607548948,7.789304225402884,0.6117738040538059,-0.1230087934355734,-0.1585990495633873,0.12231272037548524,-0.3636293240284735
Netherlands,2011,2172.948625544888,955535579,37.36279453232864,78.70507492092163,66.29881307093629,0.6206018403599276,-1.9348914261565717,1.0211767062247432,0.9433167448175416,0.8476232549727952,7588.724514247644,217.52528043025018,14.744349234737209,2.671066441354663,1683.6500671656424,63.298337871266384,0.766277577510665,7.683840337797882,0.5209640956317914,-0.058353162166653864,-0.16531901670575344,0.1850720607804004,-0.5705029255580947
Netherlands,2012,2480.024172462563,287865787,29.912430763546737,100.90414714818448,79.49315381400405,0.5861116531723927,-0.7999878246483177,0.28537011122876205,0.9742739710535518,0.8560592391805767,5861.435786974629,161.12350613922263,81.72874294270987,80.07396916561098,2508.566173331836,65.117545497069,0.6771222032744191,7.816023586072237,0.9197113442361857,-0.026062730443423835,-0.1554157005847199,0.2827486470279814,0.07479478114514371
Netherlands,2013,2641.00916597558,557013016,31.334795530211295,91.24657726572589,63.5736786574813,-0.8073202730934735,0.24426262987895347,-0.1168912252756361,0.9560010744539819,0.8260113565697738,9867.628040649575,808.7513467054166,5.2690609636550105,41.444606137801095,2886.284043447513,66.88889514948933,1.3651230809476813,7.878916382936918,1.0599698766616197,-0.04499624202552858,-0.1911467566818558,0.15218299110385858,0.6417798219732183
Netherlands,2014,3172.593701889747,1082422839,61.944284946810726,86.25701073460368,35.333979107038424,-0.6710848876100143,-0.5481942457432192,-0.4477602169198507,0.9688343655980413,0.8129705005599939,9712.936239819568,6.687198186312708,68.37984239335749,69.36764603972726,2624.7401628338575,85.38196132938653,0.9932779524714178,8.06230473481502,0.9649819055570886,-0.03166161503749311,-0.20706045476668544,0.2832339048501127,-0.2984708881134388
Netherlands,2015,2458.0840082670225,448127582,31.545289020671056,86.61649468397094,81.08300892372354,0.8492150163310055,0.4856427478164415,0.058925275993755626,1.0369399617221888,0.8338786880577926,9823.761996213452,258.8403594879053,376.05354049811586,17.02541710964144,3216.975845540791,66.17288235505328,1.3284173462125972,7.807137467030561,1.1684417398484683,0.036274031450022934,-0.18166734516770336,0.2519586653488253,0.7984151815378377
Netherlands,2016,2722.25057433281,1094378938,27.000980142748777,80.21484457598746,104.09015103212312,0.3074671674507264,0.31961980483610763,-0.29407637292814887,0.9710632885847563,0.8873362318094783,6622.632988349035,4.366745917080857,165.04872222782592,38.8518116760443,2360.133503169642,99.2167498506594,0.959705298565427,7.909214234203395,0.8587181865772241,-0.02936363404579679,-0.1195313021984831,0.32817374975575486,-0.18354760487181687
Netherlands,2017,3096.200093201086,182530308,42.56867341988251,98.24930197225969,52.21220189070862,-1.5913340570378187,0.4324876023576605,1.6960646168406315,1.1021634043424127,0.8590493643164735,8361.584610039701,193.92721002621937,154.35511418833596,156.86902925822267,3520.4834052298984,78.42682114734328,1.6418573687342661,8.03793086220813,1.2585983112121841,0.09727497954091183,-0.15192889145875063,0.23043869771005632,0.8835225923929702
Netherlands,2018,3335.956570704009,621810528,57.00614806764536,104.30814480418248,87.33847115977466,0.38192845874887066,1.375287256018343,-0.30915660978113363,1.123105110072033,0.8850284909640573,12171.163797553747,97.59619902677392,0.6098960570052577,57.395555733581496,3033.5276966724928,89.42515443535551,1.1199795133453954,8.1125147450198,1.1097261986280231,0.11609726894714882,-0.12213544131267107,0.6502753896119842,-0.4526696432081493
Netherlands,2019,2839.455018408773,1308725254,76.50138984175018,87.974379750507,113.09837037387769,1.1262070442033585,0.983459945052331,0.47966761583230194,1.0545993635993993,0.914602773854577,5782.442660196638,7.254050890709807,171.54716502620929,8.28074252668252,6123.674725863484,89.2610801004437,1.9313325776252497,7.951367417814576,1.812162361731552,0.053160944661935126,-0.08926543490188368,0.970564494139077,-0.36088108158356924
Nigeria,2010,5151.901282581134,336110929,35.00813133546111,70.59018611124682,79.31320336690696,-0.6324275597783355,0.7848582389534664,-1.3899375432496885,1.0191858415292385,1.0745614002998751,17946.033651070305,180.2467255894294,3.515644466114367,93.55392797206218,779.5127569329832,75.11136566359134,-0.18448308709858252,8.547121106610929,-0.24908622508520728,0.019004113990093364,0.07191257860404761,0.21185970163692058,-0.0641771226501553
Nigeria,2011,5749.203433216344,968484251,26.288512048693285,74.83596560000231,39.013270713500525,-1.0169993279299225,-0.8661654578294526,0.3156795370964323,1.101608498275018,1.0711336547770782,19818.595704503205,102.18056518295542,3.452272290943427,39.63469812238605,938.7003529087924,66.93724999314398,0.1970736924734159,8.656816590841085,-0.06325896368443854,0.09677138288604654,0.06871757805579824,-0.13600042692450598,-0.553960162909356
Nigeria,2012,5120.2473058829,206866511,50.08448844246356,45.91188123756505,75.95718400558539,-0.5440553232227282,-0.1043153911356243,0.3310779086497906,1.1524444504833475,1.0847751138584827,16931.584631675047,134.81478348574407,23.32892905304866,44.27056904644678,983.3922486301855,50.26141069464114,-0.30428493795851846,8.540958018797307,-0.016747206249939396,0.14188529558028024,0.08137269717617765,0.25417504788779666,-0.4024084703706191
Nigeria,2013,5390.457616230319,815216216,32.4050230382673,111.16354174813117,61.23616285897839,-0.4757818750191974,0.008197347213518403,0.00021608327054376138,1.2047474745349829,1.1232810057673548,12542.832534365258,142.3063881665985,16.691545925095998,19.46849402626626,939.4059869028299,89.91669089395488,-0.14093389444795318,8.592385561269534,-0.06250753229604192,0.1862699802796089,0.11625387220821849,0.23147832121337264,-0.5773942397969074
Nigeria,2014,5639.427186737855,336730243,44.459473093961705,87.56982568487801,68.94775813889223,-0.5726859550249868,0.08011432996806117,-1.196528200700294,1.0325301721859899,1.1205926011315297,12836.517600184361,20.77945408313482,73.64011972982182,120.3583683682273,1255.9368060814127,62.66774449310665,0.24091676045622254,8.637537776699139,0.22788175315078524,0.032012267882247716,0.11385765353179181,0.3185201401014033,0.08248861169281274
Nigeria,2015,5837.797353575235,320582623,63.36895169829013,72.12178033587188,105.5712162858773,0.12127187585561834,-0.37673712851588786,0.023231657204233452,1.2460715870089858,1.1500133366954013,22323.59285812266,135.69497877826257,91.23933815492528,38.10500403436314,1129.9094709487727,54.61389493427592,-0.40922393620724995,8.67210883919379,0.12213751531030895,0.21999587217312966,0.1397735394343484,0.708414989952983,-0.2156772146240572
Nigeria,2016,5412.2914609067775,952713848,39.062436617055276,58.17236662288935,88.14259606416552,-1.171625894650871,-0.8217844773501275,-0.600558349203329,1.2147919452110654,1.1228964203305993,15380.7765154947,155.21693235178788,33.90982106758722,25.27897296589265,1624.157035948458,74.37389049563083,0.5925268069872592,8.596427842405758,0.48498893407722876,0.194572823620113,0.1159114367122108,0.26402924154597884,-0.45974588941577854
Nigeria,2017,6003.837529884589,209419975,45.03628332363222,61.20390339974274,104.37481063847116,0.5889154098088442,-1.2437680584638826,-0.47190506524304443,1.3613065047225277,1.1651980691582415,18447.628672786297,353.08442154332374,37.02692542501679,69.92770533429672,1247.3968021883368,98.71509282486747,0.11014859796238659,8.700154132074855,0.22105882152501904,0.3084449038415771,0.15289108901134862,0.4512514831290939,0.17808182288424046
Nigeria,2018,5082.363659646782,1071812136,40.75617791923112,125.17143356475734,96.25079827965158,-0.22667453896599954,0.4888015678602079,-1.3031980520482398,1.138847490378571,1.1603838824242976,11254.496333132707,192.4752207770819,24.19769427290466,7.7059505507785815,1708.7518816679053,85.82389214723875,0.3940311466292439,8.533531719691986,0.5357632102509713,0.13001677767602512,0.14875088349637924,0.6160660497089563,-0.5471759807899907
Nigeria,2019,5500.484014325317,747534287,57.65983301918246,91.0338227115323,74.71861614229441,-0.5484855938866099,1.2376715889052878,-0.06586054255418713,1.2340632175638464,1.136398722745317,14536.686635284588,227.24242682518116,17.94974309059176,52.18117331394281,1948.034558637012,81.66747817317304,0.7419102474358477,8.612591369953163,0.666820945636396,0.21031215396341513,0.12786424704910948,0.5180965135709303,-0.21355565622977346
Norway,2010,1172.2722989504584,67172810,42.35998482763394,84.67114021176013,57.34107053361776,-0.5565432956133469,-0.8031105088090822,0.5820269549006394,1.035240774438953,1.5057715347136558,4151.272545830383,194.37929990711743,23.799175610825802,87.44703134182545,1100.0519659848171,46.094875663694054,-0.16469828748416113,7.066699280139345,0.09535742049284526,0.034634031970799894,0.40930541449219393,0.20573671919127356,-0.013723705839881917
Norway,2011,1282.5255560339638,1014144190,36.779626260340734,110.61922740020321,71.95746578994685,0.266514025660088,-1.726599730198342,-0.02972862794710643,0.9453367748875822,1.454394366216375,4426.530239592057,9.033582141212301,98.23809494009413,12.230940934238953,1144.1240235747107,64.01307055153264,0.29328754731246676,7.156586503578525,0.13463929929708293,-0.05621403943265993,0.37458957081997135,0.3492924001042781,-0.575944107069406
Norway,2012,1317.9527896766897,1396499840,28.313571950385338,80.29671216259075,33.11527205966537,-0.21423565894014618,-0.46060681955057253,0.16969096090497926,1.0574602381315734,1.6100443471747012,4377.141775245589,9.75618613277353,13.368088610685064,102.29099381323678,1006.8643224903575,65.46625155571489,0.008861230520362369,7.18383489475224,0.006840870289875733,0.05587003135582222,0.4762617234460268,-0.13006664169826554,-0.25723943565484875
Norway,2013,1481.0692278628753,340432890,35.850633592428544,122.40001638097054,48.65982698515841,0.709461063039363,-0.5426799030729152,0.41007599474498274,1.0390356495616173,1.584716744951271,5304.009529611385,64.16654141740014,188.04883390808595,5.034469882713653,1631.750435254269,63.83375238025261,0.48604434930425094,7.300519557174573,0.4896533252739349,0.03829302294484567,0.4604056815488194,0.23273928807097266,-0.2326631853926222
Norway,2014,1398.942710875982,565633452,44.29387661492459,88.88639999537526,57.179681680248734,1.4076378155594398,-0.7227860297790726,-0.5882106094082656,1.1142018260475621,1.573013418574909,3725.2833849853328,314.3409686278722,102.76032071962578,27.698001407477452,1606.4406983859553,75.2346505095061,0.6033373331248585,7.243472023774097,0.4740209853449631,0.10813829748993592,0.452993154602317,0.24371206245932853,0.051089359495055886
Norway,2015,1126.2688774343908,296664370,30.119432560681467,106.28414104461088,48.84666203230121,0.599640431140917,-0.8064382966992225,-0.7336660417682451,1.076224748432169,1.6023373172512436,2980.3962388744776,59.58261809330344,62.50794606591005,18.55927660713324,1102.717965558712,72.37621869289833,-0.05228644764127868,7.026665570100072,0.0977780099856001,0.07345931393604621,0.47146338656342957,0.10315536301990291,-0.5686073055772392
Norway,2016,1322.1748389704517,1218061925,56.091174883856,89.60580998718991,74.22188238294683,0.2546873812597869,-0.11030575115378896,0.05994166285298111,1.2089109713637245,1.6112166214226118,3826.9001168119585,34.094362708007445,132.49831807339555,43.06795307210016,1474.7959489028149,66.12676890937726,0.6749079785907472,7.187033265048506,0.3885196404950554,0.18971993067782306,0.4769895591048505,0.4914053673202259,-0.21439531476133455
Norway,2017,1354.9043746752093,463958170,53.901333270887555,120.9134766899288,55.022094407797155,0.24057163345418267,-0.8852659950303026,0.5524458546194025,1.169577425739171,1.6941735814307606,3292.623056066065,0.7266349178195374,127.394238650093,3.2052125347619373,1529.8230596862556,83.72333401128328,0.6977281219367427,7.211486158628049,0.4251520814527985,0.15664250898851134,0.5271950593574094,0.46952381860321246,-0.5527733960715779
Norway,2018,1569.2815038090025,1150576799,66.42830383868241,98.04984759380748,73.6185067199991,1.4248307673938359,1.298869742378309,0.2877691991232853,1.1170235238159756,1.6403123897389782,4420.718316501686,360.0773768271435,14.454796755068088,25.526470637447545,1163.960691891466,91.91498932084825,-0.6563722064214071,7.358373152706818,0.15182857888633927,0.11066757968265495,0.49488670524495787,0.6374233413151076,-0.18151191185488358
Norway,2019,1405.9869709403256,1283090113,62.012083271142146,99.7715519750969,33.53939458357401,-0.7186293710114691,0.356742678670763,-0.08206875696686372,1.2414618014584653,1.6716398453206525,4884.825444861217,15.444801829795999,7.946626014677384,27.57877136896231,1378.493735205587,90.11373129121661,0.2527511185432574,7.2484948055711484,0.32099140682545857,0.21628955743672937,0.5138050879434842,0.32833391124386546,-0.7639114344416666
Poland,2010,7088.074141296395,1069140955,31.48728175920273,99.32099105393277,44.09566585758678,-0.36672661964252606,0.6788128843108031,1.2367171838229185,1.0752231477328205,1.0562283971157875,20242.04080669258,80.96794129447358,164.50448821928634,28.293554292192052,764.2725346652018,57.07295835578513,-0.028477320974852505,8.86616895234539,-0.26883083265937135,0.07252821932437166,0.054704447045335315,0.05766725465532874,-0.12808144183030923
Poland,2011,6464.676374626173,479898693,51.904589932744514,93.13907438852938,55.882777933311864,0.1517123992179106,-0.8463010116246998,1.0376457571929272,1.1978066981562858,1.088941971352301,17281.463824100338,107.25681988481614,78.03939991664922,16.16407019944938,1522.3578100570992,58.67888239546988,0.774418502555033,8.774108231890548,0.42026032383144213,0.18049213288158428,0.08520655635319588,0.3373489954270017,-0.45334683247347984
Poland,2012,6553.8379347788505,486763964,52.588971676113125,41.81479509740968,39.94523975702826,0.053963652854289335,0.6769001967244848,1.471601602258051,1.2893641533384692,1.067497220712301,23320.370986170157,189.9822165425009,20.98804203642394,2.299716117511365,1402.6387756180966,60.602116969870394,0.17311022706677778,8.787806101272045,0.3383553022669159,0.2541491924674963,0.06531686256905761,0.024851818798430125,-0.598071391524343
Poland,2013,6290.152851775044,184555739,30.03554843875728,68.33315348448693,71.26473054749435,-0.3774877181771355,-0.48435959029757236,1.2156197434473475,1.1564143736294432,1.0434161302779803,13400.738767548064,166.72098598554172,45.32099444240931,299.34146257999566,1692.579232369419,77.80923463199198,0.056715020166073826,8.746740650158376,0.526253538516194,0.14532416071739965,0.04250007082917614,0.09354799248818324,1.4245480419839054
Poland,2014,6545.521608382741,364381766,43.7002431425457,84.45625551064468,51.107441336167994,-0.06705801720157092,-0.6940727498106192,0.056396983216931075,1.2150499135092,1.1090833434526404,14072.851681371336,14.605347220083468,193.8550695976294,223.53142685067522,1514.4315138521586,62.550661643799,0.18551129209115572,8.786536370872476,0.41504013016038077,0.19478515702623836,0.10353385744044649,0.17817559734153599,1.1607353230300723
Poland,2015,7683.046796127821,556870103,53.856856536527324,109.56495198990717,90.90486024147518,-0.08186567794666115,-0.35690048668230645,0.44657486043803013,1.2102746499111043,1.0990625139584667,15624.642549592154,207.76642283254682,74.65666726908475,61.207247642876816,1155.2111995875478,77.75472610967783,0.9004957916906391,8.946771465715651,0.1442831840432482,0.19084731724942278,0.0944575563865037,0.6609625519736404,0.0031812465703726645
Poland,2016,8022.181669764211,662217066,64.14113923024487,93.51352302720602,67.5354163310773,-1.200336321776407,-0.15600350212353534,-0.4743406962563196,1.3060961209485265,1.1019820860353287,23043.661027194732,91.44069977660277,3.7811572021550153,51.04128637820436,2188.067317198432,80.93076653266917,0.45440054386571666,8.98996569251638,0.7830186506305277,0.2670426276470977,0.09711045473228672,0.5525551129343722,-0.49471973384378287
Poland,2017,7464.9316821703405,1140870712,50.06108173481635,110.18685668986313,85.15978617815885,0.21468719041481812,0.5802592505173004,0.4602778654460556,1.2535132069386645,1.1573435896283768,21070.228805352817,221.76445701698367,124.60882641768507,58.345766093139304,1862.4637092441326,77.51413034045012,0.8367589080259524,8.917971558179282,0.6219001861121498,0.22595017461069883,0.1461273700968127,0.5830780522267816,0.17394195704151838
Poland,2018,8044.300774680853,1146106403,45.171344854523994,87.24714931813439,122.7285042468333,-0.7251791595787054,-0.040677293687425224,-0.28528918124744496,1.3576567351721598,1.1370877223586793,20511.867994765023,71.63644950665017,50.18436765703329,0.23528191730901446,1580.0988364655386,95.2948231294792,0.7903146565650517,8.992719141377107,0.4574873998074347,0.305760224851469,0.12847036426255473,0.6836236488547154,-0.7117561458500787
Poland,2019,8123.850868354283,173036110,54.08226280846921,131.6275670001648,50.1859147800411,0.7198606657026265,0.6506061429757115,-0.03820369479083249,1.2836432633635904,1.1566161580911252,16625.63043007162,608.9056402289517,9.32515390897091,6.008265939076251,1830.3907948727708,85.88043165768353,0.5577104429191968,9.002559565608383,0.6045294931657677,0.24970233439388664,0.14549863698083537,0.4839349922395073,0.08598168633866421
Portugal,2010,3806.762345852359,409455103,32.503232931904634,87.57901273899157,21.410035232730632,-0.7895838046368575,-0.43705948681013346,0.1433374196806994,0.9357538315198225,1.2037140952901215,10380.7959118593,496.6939459762626,223.59113670947593,45.68926174561471,1103.2375520719543,63.01124742852024,0.3581683062489475,8.244534328863244,0.09824908614166766,-0.06640283760825508,0.18541185630435322,-0.13120684612594602,0.8777221106294553
Portugal,2011,4475.626954393106,776633016,18.018896583519528,106.01312685515637,59.00010616436511,0.5720046487948587,-0.6800193341698364,-1.044785898230086,1.0854696185934953,1.2438252672480172,13483.936777585786,239.41296121815265,79.53124276023551,31.92833278172288,1375.5847360505359,63.315656672899145,0.6368049865477088,8.40640172243601,0.31887890330223834,0.08201272154608866,0.21819152403993858,0.03526536503135813,-0.12301870355747468
Portugal,2012,4042.343921366104,1118847896,20.432840478639164,64.21454724497232,60.23822032497263,0.5864428744035038,-0.07697078634255922,0.9130127756082956,1.097313751004066,1.3063831511212791,10703.961345650509,12.081120781645954,199.32279000323524,9.712720942818502,978.1715678959955,69.50212497858526,-0.0016792056872820676,8.304579981272653,-0.022070197036369636,0.09286514860844228,0.2672623654088294,-0.10381969010569592,-0.25070402573434925
Portugal,2013,4302.674829950528,169687839,38.85665995488089,100.6099450663923,55.7612962146594,-0.45475366697419783,-0.05264265685774749,0.05374488772318495,1.0385180616623688,1.3081648564336739,15382.600889602903,106.66876321107546,59.62577526577621,135.42363229312778,1305.833280057604,68.8256610305099,0.4296442697497659,8.366992161763454,0.26684136578166723,0.037794756250549656,0.26862528212181064,0.22269074537304046,0.2793580715252315
Portugal,2014,3618.634316080479,776762878,47.80622619446985,67.32847987698963,60.579994775014995,-0.5203363621385562,-0.36209515172315526,-0.19644013216054879,1.0888186382271,1.396953349534529,12239.176681655625,159.53573010117134,308.4217115556135,42.74675868512563,1149.8761338638665,53.10147340969881,0.0954677328300926,8.193851972887828,0.13965422689045986,0.08509329034517789,0.3342936863990944,0.21558225570388845,0.5789436465881679
Portugal,2015,4191.653255494984,1121139875,37.65852253385331,59.779282785998774,54.640225524646375,-0.8022228450232917,-1.2288679672357794,-0.9113248604274246,0.992857289050584,1.3015025381885725,8460.759221072309,59.38862262707373,5.900560034067006,13.485423534217448,936.5746600246625,83.68176779726669,-0.5498704141059085,8.340850506810414,-0.06552603787879191,-0.007168342233430852,0.26351939565309573,0.03177654325989643,-0.7914476052798708
Portugal,2016,4428.627662785832,1075364746,45.9881023650525,122.55691845439719,44.75999525992775,-0.4232307980541117,-0.1786317776431876,-1.2767657276849738,1.1694525344288447,1.3479755740176278,11609.561217204255,109.49928766858675,53.1449754612031,59.00999390741579,1534.3090610412103,84.66287282513144,0.331677397591985,8.395845032379764,0.4280801566031588,0.15653572000968516,0.29860389216097855,0.32003271046008996,-0.24695130963223988
Portugal,2017,4906.184336830899,1136822219,72.53467927170878,95.43543066394383,61.24946848025653,-0.8328985087590328,-0.35544756175654685,0.7495751964713613,1.1058590631255485,1.3243002278471652,13277.977869934353,235.10837316581146,28.00683065856718,133.3982388736366,1490.7535616424466,86.22995328247329,0.2995027399482304,8.49825179786529,0.3992817381796842,0.1006224656182602,0.28088419000178627,0.6119182984315736,0.3745249832958202
Portugal,2018,5099.005651835303,857337981,58.4135869252995,90.76840978198047,94.5211917820405,-1.1737935947894134,-0.8817096234108194,-0.6668767064559171,1.1376123454734433,1.3485336239580488,13168.317389967488,490.3117804523367,53.53559114572513,3.812333517401763,1136.3504416085386,83.09710253893186,0.04431182796765666,8.53680082947488,0.12782176005798618,0.12893163221738088,0.29901779762720654,0.6573828406974052,0.02105382802232314
Portugal,2019,5220.864225736958,744958601,57.705895754173376,98.38655290542486,98.65857507077915,-0.7696617040572798,-0.4103957993573948,-0.07587568554280173,1.2847147156174878,1.3695702582289282,19334.341139581884,152.47233202794868,89.85492985659904,5.226638805610332,1682.9285877586265,92.00464524985118,-0.10413689029650319,8.560418227659067,0.5205354827924591,0.25053668250643363,0.31449701050726264,0.70884442373528,-0.4115187550606866
Sweden,2010,13168.383062064,1129531458,38.279382674472075,82.80712980155323,23.69890781924841,0.5469029835837769,-0.7290491909869375,1.3851430008258747,0.8901024447985836,1.2770213820933356,47849.16520681954,75.90122441356296,16.644725724638633,94.8524294583747,845.8951994732369,56.141612253883785,-0.2686027256785829,9.48557401286919,-0.16735980474059803,-0.11641871636493567,0.24453032091440127,-0.07165109953773785,-0.18566601050610165
Sweden,2011,11051.787502473075,316507317,36.70608108824287,74.1756949396276,49.71162574550593,1.1080477016389125,0.28358316399636535,-0.020235412451961893,0.9294636519600209,1.2793303133612024,28609.164954886768,462.05788754152417,39.86500453558243,101.4883303110522,1099.4394110107264,74.29970394107556,-0.19127082086141536,9.310347458793053,0.09480042354679266,-0.07314757752337263,0.24633674833191493,0.0483215793100753,0.5795686964281632
Sweden,2012,11106.186166091182,504348337,36.800826246230855,52.12484812645475,72.17781033154063,-0.3904870202708814,-0.5196845060813315,0.1006688441766662,0.9330205989012824,1.3087069823255506,31459.682550802918,56.12511582477813,38.67649681935566,9.519260713543815,1119.0619034903075,54.90762866396993,0.7319980254766031,9.31525754432009,0.11249074816634644,-0.06932800024208896,0.2690396133791559,0.10727033880639736,-0.7140747461372254
Sweden,2013,13354.95853346881,73159782,11.611885630566665,79.30452267457348,52.59603090892168,-0.5699238986817282,0.4692658698667854,0.1566547103051689,0.9762926467871631,1.2250005489559346,43120.57694852247,130.49486484715177,15.727138610063268,125.84914286480338,1299.450896997726,88.00540255434109,0.5586611747248421,9.499643020594936,0.2619417883121803,-0.02399289449334464,0.2029412921238835,-0.18990333134572523,0.1089095225441532
Sweden,2014,14421.124095180054,842453081,50.27252651140502,64.59448789085357,68.68342422652154,-0.2746046094694929,0.624544871940622,0.039792532355678784,0.9948782275199475,1.3016278241040447,46800.28778088139,130.92730325037812,25.008159432390713,47.46311365897498,1094.9398159550228,69.42047906758935,-0.05767366548866984,9.576449361696675,0.0906993991598124,-0.005134933715189128,0.26361565354120137,0.2856168222932003,-0.3820065387482342
Sweden,2015,14769.236183544637,464317418,28.484740047606422,96.37026679808632,58.6942714241093,1.3395453459162363,0.28125662636996723,-0.33539252533861674,0.9679188212790266,1.3130936732626235,36255.25353089609,102.37104839627908,57.02367558229039,50.97426239478025,1445.647396440682,69.8955915109272,-0.10863766303129613,9.600301660142483,0.36855724644952925,-0.0326070575372557,0.2723859357024718,0.10933503279282619,-0.29947425143336526
Sweden,2016,13356.76466427758,669375405,37.56649816382685,85.60547617979297,27.516664449971664,-1.5090439423867037,0.9294930886908382,0.6564794359981249,1.0645477149071827,1.3609086310370977,28390.15799431058,112.79396633967798,103.37298747270674,117.4916923555137,1271.6813943265813,77.47278623995862,0.1201512814541869,9.499778251916267,0.24033995738519026,0.06255002812061597,0.30815258771781706,-0.04246055109741975,0.3158445178452438
Sweden,2017,15815.695686431842,417782595,39.75859481835639,94.08296707943906,68.51401583564794,0.7230401035211476,-0.8394374687310461,-0.002399714776431611,0.979751836635618,1.299801638698172,58113.515340511985,62.7307151494574,63.38127757321149,107.75269442332853,2077.6424043775514,85.19200608290606,0.2358132417015225,9.668758123797353,0.7312337914284034,-0.020455967307962397,0.26221166720833067,0.2905346330503866,0.0341734133153242
Sweden,2018,13966.01447368273,1045048255,51.27237952328957,90.15291732868872,91.45736475656982,-0.7811081662130066,-0.17458675563773912,-0.2362243781760412,1.1322082123916195,1.3448492211442218,52928.90114367282,0.6916879376089542,61.850753257803824,3.1898203999944994,1836.9361426023588,62.80896059782667,0.6027444523568305,9.544382119756778,0.6080990438445479,0.12416989607549704,0.2962819035312679,0.5550460263943302,-0.7714125399113423
Sweden,2019,17317.099396444344,971072875,76.13786040068423,93.83992686809498,119.77699769346918,-0.548425290282441,-0.7872388184153484,-0.5108609523016174,1.0634504838308505,1.3377667274998968,35317.148619768326,455.5862133368336,158.54786286542569,3.5059455511988094,2240.3595975288576,84.7918121444967,0.7919833118735408,9.759449696754604,0.8066363875937439,0.061518794941734845,0.29100160233584443,1.0354892399144595,0.31117620212080044
